
-- INSERT INTO `benefits` (`id`, `benefit_name`, `created_at`, `updated_at`) VALUES (1, 'Quia aperiam nesciunt molestiae.', '1999-01-22 02:53:24', '1980-07-26 08:08:23');
-- INSERT INTO `benefits` (`id`, `benefit_name`, `created_at`, `updated_at`) VALUES (2, 'Suscipit maxime.', '2002-05-01 06:54:40', '2006-10-18 06:41:02');
-- INSERT INTO `benefits` (`id`, `benefit_name`, `created_at`, `updated_at`) VALUES (3, 'Voluptatem sint ea.', '1995-10-19 09:09:19', '2023-10-13 03:06:49');
-- INSERT INTO `benefits` (`id`, `benefit_name`, `created_at`, `updated_at`) VALUES (4, 'Voluptas odit voluptatum.', '1999-11-06 01:01:48', '2002-02-16 13:48:01');
-- INSERT INTO `benefits` (`id`, `benefit_name`, `created_at`, `updated_at`) VALUES (5, 'Magnam pariatur modi.', '1989-02-12 08:18:26', '1975-11-23 21:31:41');
-- INSERT INTO `benefits` (`id`, `benefit_name`, `created_at`, `updated_at`) VALUES (6, 'Ex qui voluptas quis.', '2022-02-01 15:54:13', '2013-08-14 21:34:18');
-- INSERT INTO `benefits` (`id`, `benefit_name`, `created_at`, `updated_at`) VALUES (7, 'Suscipit nulla quia beatae.', '1998-05-23 22:57:23', '2009-12-10 06:45:47');
-- INSERT INTO `benefits` (`id`, `benefit_name`, `created_at`, `updated_at`) VALUES (8, 'Fugiat incidunt sed voluptatem enim.', '2001-03-29 19:03:02', '1978-07-03 08:15:32');
-- INSERT INTO `benefits` (`id`, `benefit_name`, `created_at`, `updated_at`) VALUES (9, 'Id et nemo.', '1974-02-15 13:15:02', '1984-11-01 08:38:54');
-- INSERT INTO `benefits` (`id`, `benefit_name`, `created_at`, `updated_at`) VALUES (10, 'Voluptatibus natus non velit.', '2001-12-12 03:46:53', '2011-06-28 06:54:55');
-- INSERT INTO `benefits` (`id`, `benefit_name`, `created_at`, `updated_at`) VALUES (11, 'Modi odit rem totam et.', '1999-12-16 11:36:42', '1997-02-22 18:18:12');
-- INSERT INTO `benefits` (`id`, `benefit_name`, `created_at`, `updated_at`) VALUES (12, 'Molestias libero at.', '1986-02-22 16:11:48', '1987-08-25 03:49:26');
-- INSERT INTO `benefits` (`id`, `benefit_name`, `created_at`, `updated_at`) VALUES (13, 'Autem consequatur qui ullam.', '1970-04-10 19:36:58', '2011-05-01 03:34:22');

INSERT INTO `cities` (`id`, `city_name`, `created_at`, `updated_at`) VALUES (1, 'Alaminos', '2024-04-23 00:00:00', '2024-04-23 00:00:00');
INSERT INTO `cities` (`id`, `city_name`, `created_at`, `updated_at`) VALUES (2, 'Antipolo', '2024-04-23 00:00:00', '2024-04-23 00:00:00');
INSERT INTO `cities` (`id`, `city_name`, `created_at`, `updated_at`) VALUES (3, 'Bacoor', '2024-04-23 00:00:00', '2024-04-23 00:00:00');
INSERT INTO `cities` (`id`, `city_name`, `created_at`, `updated_at`) VALUES (4, 'Bago', '2024-04-23 00:00:00', '2024-04-23 00:00:00');
INSERT INTO `cities` (`id`, `city_name`, `created_at`, `updated_at`) VALUES (5, 'Bais', '2024-04-23 00:00:00', '2024-04-23 00:00:00');
INSERT INTO `cities` (`id`, `city_name`, `created_at`, `updated_at`) VALUES (6, 'Balanga', '2024-04-23 00:00:00', '2024-04-23 00:00:00');
INSERT INTO `cities` (`id`, `city_name`, `created_at`, `updated_at`) VALUES (7, 'Batac', '2024-04-23 00:00:00', '2024-04-23 00:00:00');
INSERT INTO `cities` (`id`, `city_name`, `created_at`, `updated_at`) VALUES (8, 'Batangas City', '2024-04-23 00:00:00', '2024-04-23 00:00:00');
INSERT INTO `cities` (`id`, `city_name`, `created_at`, `updated_at`) VALUES (9, 'Bayawan', '2024-04-23 00:00:00', '2024-04-23 00:00:00');
INSERT INTO `cities` (`id`, `city_name`, `created_at`, `updated_at`) VALUES (10, 'Baybay', '2024-04-23 00:00:00', '2024-04-23 00:00:00');
INSERT INTO `cities` (`id`, `city_name`, `created_at`, `updated_at`) VALUES (11, 'Bayugan', '2024-04-23 00:00:00', '2024-04-23 00:00:00');
INSERT INTO `cities` (`id`, `city_name`, `created_at`, `updated_at`) VALUES (12, 'Bislig', '2024-04-23 00:00:00', '2024-04-23 00:00:00');
INSERT INTO `cities` (`id`, `city_name`, `created_at`, `updated_at`) VALUES (13, 'Biñan', '2024-04-23 00:00:00', '2024-04-23 00:00:00');
INSERT INTO `cities` (`id`, `city_name`, `created_at`, `updated_at`) VALUES (14, 'Bogo', '2024-04-23 00:00:00', '2024-04-23 00:00:00');
INSERT INTO `cities` (`id`, `city_name`, `created_at`, `updated_at`) VALUES (15, 'Borongan', '2024-04-23 00:00:00', '2024-04-23 00:00:00');
INSERT INTO `cities` (`id`, `city_name`, `created_at`, `updated_at`) VALUES (16, 'Cabadbaran', '2024-04-23 00:00:00', '2024-04-23 00:00:00');
INSERT INTO `cities` (`id`, `city_name`, `created_at`, `updated_at`) VALUES (17, 'Cabanatuan', '2024-04-23 00:00:00', '2024-04-23 00:00:00');
INSERT INTO `cities` (`id`, `city_name`, `created_at`, `updated_at`) VALUES (18, 'Cabuyao', '2024-04-23 00:00:00', '2024-04-23 00:00:00');
INSERT INTO `cities` (`id`, `city_name`, `created_at`, `updated_at`) VALUES (19, 'Cadiz', '2024-04-23 00:00:00', '2024-04-23 00:00:00');
INSERT INTO `cities` (`id`, `city_name`, `created_at`, `updated_at`) VALUES (20, 'Calamba', '2024-04-23 00:00:00', '2024-04-23 00:00:00');
INSERT INTO `cities` (`id`, `city_name`, `created_at`, `updated_at`) VALUES (21, 'Calapan', '2024-04-23 00:00:00', '2024-04-23 00:00:00');
INSERT INTO `cities` (`id`, `city_name`, `created_at`, `updated_at`) VALUES (22, 'Calbayog', '2024-04-23 00:00:00', '2024-04-23 00:00:00');
INSERT INTO `cities` (`id`, `city_name`, `created_at`, `updated_at`) VALUES (23, 'Candon', '2024-04-23 00:00:00', '2024-04-23 00:00:00');
INSERT INTO `cities` (`id`, `city_name`, `created_at`, `updated_at`) VALUES (24, 'Canlaon', '2024-04-23 00:00:00', '2024-04-23 00:00:00');
INSERT INTO `cities` (`id`, `city_name`, `created_at`, `updated_at`) VALUES (25, 'Carcar', '2024-04-23 00:00:00', '2024-04-23 00:00:00');
INSERT INTO `cities` (`id`, `city_name`, `created_at`, `updated_at`) VALUES (26, 'Catbalogan', '2024-04-23 00:00:00', '2024-04-23 00:00:00');
INSERT INTO `cities` (`id`, `city_name`, `created_at`, `updated_at`) VALUES (27, 'Cauayan', '2024-04-23 00:00:00', '2024-04-23 00:00:00');
INSERT INTO `cities` (`id`, `city_name`, `created_at`, `updated_at`) VALUES (28, 'Cavite City', '2024-04-23 00:00:00', '2024-04-23 00:00:00');
INSERT INTO `cities` (`id`, `city_name`, `created_at`, `updated_at`) VALUES (29, 'Danao', '2024-04-23 00:00:00', '2024-04-23 00:00:00');
INSERT INTO `cities` (`id`, `city_name`, `created_at`, `updated_at`) VALUES (30, 'Dapitan', '2024-04-23 00:00:00', '2024-04-23 00:00:00');
INSERT INTO `cities` (`id`, `city_name`, `created_at`, `updated_at`) VALUES (31, 'Dasmariñas', '2024-04-23 00:00:00', '2024-04-23 00:00:00');
INSERT INTO `cities` (`id`, `city_name`, `created_at`, `updated_at`) VALUES (32, 'Digos', '2024-04-23 00:00:00', '2024-04-23 00:00:00');
INSERT INTO `cities` (`id`, `city_name`, `created_at`, `updated_at`) VALUES (33, 'Dipolog', '2024-04-23 00:00:00', '2024-04-23 00:00:00');
INSERT INTO `cities` (`id`, `city_name`, `created_at`, `updated_at`) VALUES (34, 'Dumaguete', '2024-04-23 00:00:00', '2024-04-23 00:00:00');
INSERT INTO `cities` (`id`, `city_name`, `created_at`, `updated_at`) VALUES (35, 'El Salvador', '2024-04-23 00:00:00', '2024-04-23 00:00:00');
INSERT INTO `cities` (`id`, `city_name`, `created_at`, `updated_at`) VALUES (36, 'Escalante', '2024-04-23 00:00:00', '2024-04-23 00:00:00');
INSERT INTO `cities` (`id`, `city_name`, `created_at`, `updated_at`) VALUES (37, 'Gapan', '2024-04-23 00:00:00', '2024-04-23 00:00:00');
INSERT INTO `cities` (`id`, `city_name`, `created_at`, `updated_at`) VALUES (38, 'General Trias', '2024-04-23 00:00:00', '2024-04-23 00:00:00');
INSERT INTO `cities` (`id`, `city_name`, `created_at`, `updated_at`) VALUES (39, 'Gingoog', '2024-04-23 00:00:00', '2024-04-23 00:00:00');
INSERT INTO `cities` (`id`, `city_name`, `created_at`, `updated_at`) VALUES (40, 'Guihulngan', '2024-04-23 00:00:00', '2024-04-23 00:00:00');
INSERT INTO `cities` (`id`, `city_name`, `created_at`, `updated_at`) VALUES (41, 'Himamaylan', '2024-04-23 00:00:00', '2024-04-23 00:00:00');
INSERT INTO `cities` (`id`, `city_name`, `created_at`, `updated_at`) VALUES (42, 'Ilagan', '2024-04-23 00:00:00', '2024-04-23 00:00:00');
INSERT INTO `cities` (`id`, `city_name`, `created_at`, `updated_at`) VALUES (43, 'Imus', '2024-04-23 00:00:00', '2024-04-23 00:00:00');
INSERT INTO `cities` (`id`, `city_name`, `created_at`, `updated_at`) VALUES (44, 'Iriga', '2024-04-23 00:00:00', '2024-04-23 00:00:00');
INSERT INTO `cities` (`id`, `city_name`, `created_at`, `updated_at`) VALUES (45, 'Isabela City', '2024-04-23 00:00:00', '2024-04-23 00:00:00');
INSERT INTO `cities` (`id`, `city_name`, `created_at`, `updated_at`) VALUES (46, 'Kabankalan', '2024-04-23 00:00:00', '2024-04-23 00:00:00');
INSERT INTO `cities` (`id`, `city_name`, `created_at`, `updated_at`) VALUES (47, 'Kidapawan', '2024-04-23 00:00:00', '2024-04-23 00:00:00');
INSERT INTO `cities` (`id`, `city_name`, `created_at`, `updated_at`) VALUES (48, 'Koronadal', '2024-04-23 00:00:00', '2024-04-23 00:00:00');
INSERT INTO `cities` (`id`, `city_name`, `created_at`, `updated_at`) VALUES (49, 'La Carlota', '2024-04-23 00:00:00', '2024-04-23 00:00:00');
INSERT INTO `cities` (`id`, `city_name`, `created_at`, `updated_at`) VALUES (50, 'Lamitan', '2024-04-23 00:00:00', '2024-04-23 00:00:00');
INSERT INTO `cities` (`id`, `city_name`, `created_at`, `updated_at`) VALUES (51, 'Laoag', '2024-04-23 00:00:00', '2024-04-23 00:00:00');
INSERT INTO `cities` (`id`, `city_name`, `created_at`, `updated_at`) VALUES (52, 'Legazpi', '2024-04-23 00:00:00', '2024-04-23 00:00:00');
INSERT INTO `cities` (`id`, `city_name`, `created_at`, `updated_at`) VALUES (53, 'Ligao', '2024-04-23 00:00:00', '2024-04-23 00:00:00');
INSERT INTO `cities` (`id`, `city_name`, `created_at`, `updated_at`) VALUES (54, 'Lipa', '2024-04-23 00:00:00', '2024-04-23 00:00:00');
INSERT INTO `cities` (`id`, `city_name`, `created_at`, `updated_at`) VALUES (55, 'Maasin', '2024-04-23 00:00:00', '2024-04-23 00:00:00');
INSERT INTO `cities` (`id`, `city_name`, `created_at`, `updated_at`) VALUES (56, 'Mabalacat', '2024-04-23 00:00:00', '2024-04-23 00:00:00');
INSERT INTO `cities` (`id`, `city_name`, `created_at`, `updated_at`) VALUES (57, 'Malaybalay', '2024-04-23 00:00:00', '2024-04-23 00:00:00');
INSERT INTO `cities` (`id`, `city_name`, `created_at`, `updated_at`) VALUES (58, 'Malolos', '2024-04-23 00:00:00', '2024-04-23 00:00:00');
INSERT INTO `cities` (`id`, `city_name`, `created_at`, `updated_at`) VALUES (59, 'Marawi', '2024-04-23 00:00:00', '2024-04-23 00:00:00');
INSERT INTO `cities` (`id`, `city_name`, `created_at`, `updated_at`) VALUES (60, 'Masbate City', '2024-04-23 00:00:00', '2024-04-23 00:00:00');
INSERT INTO `cities` (`id`, `city_name`, `created_at`, `updated_at`) VALUES (61, 'Mati', '2024-04-23 00:00:00', '2024-04-23 00:00:00');
INSERT INTO `cities` (`id`, `city_name`, `created_at`, `updated_at`) VALUES (62, 'Meycauayan', '2024-04-23 00:00:00', '2024-04-23 00:00:00');
INSERT INTO `cities` (`id`, `city_name`, `created_at`, `updated_at`) VALUES (63, 'Muñoz', '2024-04-23 00:00:00', '2024-04-23 00:00:00');
INSERT INTO `cities` (`id`, `city_name`, `created_at`, `updated_at`) VALUES (64, 'Naga', '2024-04-23 00:00:00', '2024-04-23 00:00:00');
INSERT INTO `cities` (`id`, `city_name`, `created_at`, `updated_at`) VALUES (65, 'Oroquieta', '2024-04-23 00:00:00', '2024-04-23 00:00:00');
INSERT INTO `cities` (`id`, `city_name`, `created_at`, `updated_at`) VALUES (66, 'Ozamiz', '2024-04-23 00:00:00', '2024-04-23 00:00:00');
INSERT INTO `cities` (`id`, `city_name`, `created_at`, `updated_at`) VALUES (67, 'Pagadian', '2024-04-23 00:00:00', '2024-04-23 00:00:00');
INSERT INTO `cities` (`id`, `city_name`, `created_at`, `updated_at`) VALUES (68, 'Palayan', '2024-04-23 00:00:00', '2024-04-23 00:00:00');
INSERT INTO `cities` (`id`, `city_name`, `created_at`, `updated_at`) VALUES (69, 'Panabo', '2024-04-23 00:00:00', '2024-04-23 00:00:00');
INSERT INTO `cities` (`id`, `city_name`, `created_at`, `updated_at`) VALUES (70, 'Passi', '2024-04-23 00:00:00', '2024-04-23 00:00:00');
INSERT INTO `cities` (`id`, `city_name`, `created_at`, `updated_at`) VALUES (71, 'Roxas City', '2024-04-23 00:00:00', '2024-04-23 00:00:00');
INSERT INTO `cities` (`id`, `city_name`, `created_at`, `updated_at`) VALUES (72, 'Sagay', '2024-04-23 00:00:00', '2024-04-23 00:00:00');
INSERT INTO `cities` (`id`, `city_name`, `created_at`, `updated_at`) VALUES (73, 'Samal', '2024-04-23 00:00:00', '2024-04-23 00:00:00');
INSERT INTO `cities` (`id`, `city_name`, `created_at`, `updated_at`) VALUES (74, 'San Carlos', '2024-04-23 00:00:00', '2024-04-23 00:00:00');
INSERT INTO `cities` (`id`, `city_name`, `created_at`, `updated_at`) VALUES (75, 'San Carlos', '2024-04-23 00:00:00', '2024-04-23 00:00:00');
INSERT INTO `cities` (`id`, `city_name`, `created_at`, `updated_at`) VALUES (76, 'San Fernando', '2024-04-23 00:00:00', '2024-04-23 00:00:00');
INSERT INTO `cities` (`id`, `city_name`, `created_at`, `updated_at`) VALUES (77, 'San Fernando', '2024-04-23 00:00:00', '2024-04-23 00:00:00');
INSERT INTO `cities` (`id`, `city_name`, `created_at`, `updated_at`) VALUES (78, 'San Jose', '2024-04-23 00:00:00', '2024-04-23 00:00:00');
INSERT INTO `cities` (`id`, `city_name`, `created_at`, `updated_at`) VALUES (79, 'San Jose del Monte', '2024-04-23 00:00:00', '2024-04-23 00:00:00');
INSERT INTO `cities` (`id`, `city_name`, `created_at`, `updated_at`) VALUES (80, 'San Pablo', '2024-04-23 00:00:00', '2024-04-23 00:00:00');
INSERT INTO `cities` (`id`, `city_name`, `created_at`, `updated_at`) VALUES (81, 'San Pedro', '2024-04-23 00:00:00', '2024-04-23 00:00:00');
INSERT INTO `cities` (`id`, `city_name`, `created_at`, `updated_at`) VALUES (82, 'Santa Rosa', '2024-04-23 00:00:00', '2024-04-23 00:00:00');
INSERT INTO `cities` (`id`, `city_name`, `created_at`, `updated_at`) VALUES (83, 'Santo Tomas', '2024-04-23 00:00:00', '2024-04-23 00:00:00');
INSERT INTO `cities` (`id`, `city_name`, `created_at`, `updated_at`) VALUES (84, 'Silay', '2024-04-23 00:00:00', '2024-04-23 00:00:00');
INSERT INTO `cities` (`id`, `city_name`, `created_at`, `updated_at`) VALUES (85, 'Sipalay', '2024-04-23 00:00:00', '2024-04-23 00:00:00');
INSERT INTO `cities` (`id`, `city_name`, `created_at`, `updated_at`) VALUES (86, 'Sorsogon City', '2024-04-23 00:00:00', '2024-04-23 00:00:00');
INSERT INTO `cities` (`id`, `city_name`, `created_at`, `updated_at`) VALUES (87, 'Surigao City', '2024-04-23 00:00:00', '2024-04-23 00:00:00');
INSERT INTO `cities` (`id`, `city_name`, `created_at`, `updated_at`) VALUES (88, 'Tabaco', '2024-04-23 00:00:00', '2024-04-23 00:00:00');
INSERT INTO `cities` (`id`, `city_name`, `created_at`, `updated_at`) VALUES (89, 'Tabuk', '2024-04-23 00:00:00', '2024-04-23 00:00:00');
INSERT INTO `cities` (`id`, `city_name`, `created_at`, `updated_at`) VALUES (90, 'Tacurong', '2024-04-23 00:00:00', '2024-04-23 00:00:00');
INSERT INTO `cities` (`id`, `city_name`, `created_at`, `updated_at`) VALUES (91, 'Tagaytay', '2024-04-23 00:00:00', '2024-04-23 00:00:00');
INSERT INTO `cities` (`id`, `city_name`, `created_at`, `updated_at`) VALUES (92, 'Tagbilaran', '2024-04-23 00:00:00', '2024-04-23 00:00:00');
INSERT INTO `cities` (`id`, `city_name`, `created_at`, `updated_at`) VALUES (93, 'Tagum', '2024-04-23 00:00:00', '2024-04-23 00:00:00');
INSERT INTO `cities` (`id`, `city_name`, `created_at`, `updated_at`) VALUES (94, 'Talisay', '2024-04-23 00:00:00', '2024-04-23 00:00:00');
INSERT INTO `cities` (`id`, `city_name`, `created_at`, `updated_at`) VALUES (95, 'Talisay', '2024-04-23 00:00:00', '2024-04-23 00:00:00');
INSERT INTO `cities` (`id`, `city_name`, `created_at`, `updated_at`) VALUES (96, 'Tanauan', '2024-04-23 00:00:00', '2024-04-23 00:00:00');
INSERT INTO `cities` (`id`, `city_name`, `created_at`, `updated_at`) VALUES (97, 'Tandag', '2024-04-23 00:00:00', '2024-04-23 00:00:00');
INSERT INTO `cities` (`id`, `city_name`, `created_at`, `updated_at`) VALUES (98, 'Tangub', '2024-04-23 00:00:00', '2024-04-23 00:00:00');
INSERT INTO `cities` (`id`, `city_name`, `created_at`, `updated_at`) VALUES (99, 'Tanjay', '2024-04-23 00:00:00', '2024-04-23 00:00:00');
INSERT INTO `cities` (`id`, `city_name`, `created_at`, `updated_at`) VALUES (100, 'Tarlac City', '2024-04-23 00:00:00', '2024-04-23 00:00:00');
INSERT INTO `cities` (`id`, `city_name`, `created_at`, `updated_at`) VALUES (101, 'Tayabas', '2024-04-23 00:00:00', '2024-04-23 00:00:00');
INSERT INTO `cities` (`id`, `city_name`, `created_at`, `updated_at`) VALUES (102, 'Toledo', '2024-04-23 00:00:00', '2024-04-23 00:00:00');
INSERT INTO `cities` (`id`, `city_name`, `created_at`, `updated_at`) VALUES (103, 'Trece Martires', '2024-04-23 00:00:00', '2024-04-23 00:00:00');
INSERT INTO `cities` (`id`, `city_name`, `created_at`, `updated_at`) VALUES (104, 'Tuguegarao', '2024-04-23 00:00:00', '2024-04-23 00:00:00');
INSERT INTO `cities` (`id`, `city_name`, `created_at`, `updated_at`) VALUES (105, 'Urdaneta', '2024-04-23 00:00:00', '2024-04-23 00:00:00');
INSERT INTO `cities` (`id`, `city_name`, `created_at`, `updated_at`) VALUES (106, 'Valencia', '2024-04-23 00:00:00', '2024-04-23 00:00:00');
INSERT INTO `cities` (`id`, `city_name`, `created_at`, `updated_at`) VALUES (107, 'Victorias', '2024-04-23 00:00:00', '2024-04-23 00:00:00');
INSERT INTO `cities` (`id`, `city_name`, `created_at`, `updated_at`) VALUES (108, 'Vigan', '2024-04-23 00:00:00', '2024-04-23 00:00:00');
INSERT INTO `cities` (`id`, `city_name`, `created_at`, `updated_at`) VALUES (109, 'Cotabato City', '2024-04-23 00:00:00', '2024-04-23 00:00:00');
INSERT INTO `cities` (`id`, `city_name`, `created_at`, `updated_at`) VALUES (110, 'Dagupan', '2024-04-23 00:00:00', '2024-04-23 00:00:00');
INSERT INTO `cities` (`id`, `city_name`, `created_at`, `updated_at`) VALUES (111, 'Naga', '2024-04-23 00:00:00', '2024-04-23 00:00:00');
INSERT INTO `cities` (`id`, `city_name`, `created_at`, `updated_at`) VALUES (112, 'Ormoc', '2024-04-23 00:00:00', '2024-04-23 00:00:00');
INSERT INTO `cities` (`id`, `city_name`, `created_at`, `updated_at`) VALUES (113, 'Angeles', '2024-04-23 00:00:00', '2024-04-23 00:00:00');
INSERT INTO `cities` (`id`, `city_name`, `created_at`, `updated_at`) VALUES (114, 'Bacolod', '2024-04-23 00:00:00', '2024-04-23 00:00:00');
INSERT INTO `cities` (`id`, `city_name`, `created_at`, `updated_at`) VALUES (115, 'Baguio', '2024-04-23 00:00:00', '2024-04-23 00:00:00');
INSERT INTO `cities` (`id`, `city_name`, `created_at`, `updated_at`) VALUES (116, 'Butuan', '2024-04-23 00:00:00', '2024-04-23 00:00:00');
INSERT INTO `cities` (`id`, `city_name`, `created_at`, `updated_at`) VALUES (117, 'Cagayan de Oro', '2024-04-23 00:00:00', '2024-04-23 00:00:00');
INSERT INTO `cities` (`id`, `city_name`, `created_at`, `updated_at`) VALUES (118, 'Caloocan', '2024-04-23 00:00:00', '2024-04-23 00:00:00');
INSERT INTO `cities` (`id`, `city_name`, `created_at`, `updated_at`) VALUES (119, 'Cebu City', '2024-04-23 00:00:00', '2024-04-23 00:00:00');
INSERT INTO `cities` (`id`, `city_name`, `created_at`, `updated_at`) VALUES (120, 'Davao City', '2024-04-23 00:00:00', '2024-04-23 00:00:00');
INSERT INTO `cities` (`id`, `city_name`, `created_at`, `updated_at`) VALUES (121, 'General Santos', '2024-04-23 00:00:00', '2024-04-23 00:00:00');
INSERT INTO `cities` (`id`, `city_name`, `created_at`, `updated_at`) VALUES (122, 'Iligan', '2024-04-23 00:00:00', '2024-04-23 00:00:00');
INSERT INTO `cities` (`id`, `city_name`, `created_at`, `updated_at`) VALUES (123, 'Iloilo City', '2024-04-23 00:00:00', '2024-04-23 00:00:00');
INSERT INTO `cities` (`id`, `city_name`, `created_at`, `updated_at`) VALUES (124, 'Lapu-Lapu', '2024-04-23 00:00:00', '2024-04-23 00:00:00');
INSERT INTO `cities` (`id`, `city_name`, `created_at`, `updated_at`) VALUES (125, 'Las Piñas', '2024-04-23 00:00:00', '2024-04-23 00:00:00');
INSERT INTO `cities` (`id`, `city_name`, `created_at`, `updated_at`) VALUES (126, 'Lucena', '2024-04-23 00:00:00', '2024-04-23 00:00:00');
INSERT INTO `cities` (`id`, `city_name`, `created_at`, `updated_at`) VALUES (127, 'Makati', '2024-04-23 00:00:00', '2024-04-23 00:00:00');
INSERT INTO `cities` (`id`, `city_name`, `created_at`, `updated_at`) VALUES (128, 'Malabon', '2024-04-23 00:00:00', '2024-04-23 00:00:00');
INSERT INTO `cities` (`id`, `city_name`, `created_at`, `updated_at`) VALUES (129, 'Mandaluyong', '2024-04-23 00:00:00', '2024-04-23 00:00:00');
INSERT INTO `cities` (`id`, `city_name`, `created_at`, `updated_at`) VALUES (130, 'Mandaue', '2024-04-23 00:00:00', '2024-04-23 00:00:00');
INSERT INTO `cities` (`id`, `city_name`, `created_at`, `updated_at`) VALUES (131, 'Manila', '2024-04-23 00:00:00', '2024-04-23 00:00:00');
INSERT INTO `cities` (`id`, `city_name`, `created_at`, `updated_at`) VALUES (132, 'Marikina', '2024-04-23 00:00:00', '2024-04-23 00:00:00');
INSERT INTO `cities` (`id`, `city_name`, `created_at`, `updated_at`) VALUES (133, 'Muntinlupa', '2024-04-23 00:00:00', '2024-04-23 00:00:00');
INSERT INTO `cities` (`id`, `city_name`, `created_at`, `updated_at`) VALUES (134, 'Navotas', '2024-04-23 00:00:00', '2024-04-23 00:00:00');
INSERT INTO `cities` (`id`, `city_name`, `created_at`, `updated_at`) VALUES (135, 'Olongapo', '2024-04-23 00:00:00', '2024-04-23 00:00:00');
INSERT INTO `cities` (`id`, `city_name`, `created_at`, `updated_at`) VALUES (136, 'Parañaque', '2024-04-23 00:00:00', '2024-04-23 00:00:00');
INSERT INTO `cities` (`id`, `city_name`, `created_at`, `updated_at`) VALUES (137, 'Pasay', '2024-04-23 00:00:00', '2024-04-23 00:00:00');
INSERT INTO `cities` (`id`, `city_name`, `created_at`, `updated_at`) VALUES (138, 'Pasig', '2024-04-23 00:00:00', '2024-04-23 00:00:00');
INSERT INTO `cities` (`id`, `city_name`, `created_at`, `updated_at`) VALUES (139, 'Puerto Princesa', '2024-04-23 00:00:00', '2024-04-23 00:00:00');
INSERT INTO `cities` (`id`, `city_name`, `created_at`, `updated_at`) VALUES (140, 'Quezon City', '2024-04-23 00:00:00', '2024-04-23 00:00:00');
INSERT INTO `cities` (`id`, `city_name`, `created_at`, `updated_at`) VALUES (141, 'San Juan', '2024-04-23 00:00:00', '2024-04-23 00:00:00');
INSERT INTO `cities` (`id`, `city_name`, `created_at`, `updated_at`) VALUES (142, 'Tacloban', '2024-04-23 00:00:00', '2024-04-23 00:00:00');
INSERT INTO `cities` (`id`, `city_name`, `created_at`, `updated_at`) VALUES (143, 'Taguig', '2024-04-23 00:00:00', '2024-04-23 00:00:00');
INSERT INTO `cities` (`id`, `city_name`, `created_at`, `updated_at`) VALUES (144, 'Valenzuela', '2024-04-23 00:00:00', '2024-04-23 00:00:00');
INSERT INTO `cities` (`id`, `city_name`, `created_at`, `updated_at`) VALUES (145, 'Zamboanga City', '2024-04-23 00:00:00', '2024-04-23 00:00:00');

INSERT INTO `courses` (`id`, `course_name`, `degree_level`, `created_at`, `updated_at`) VALUES (1, 'aut', 'Sit quia autem quis hic.', '2013-02-09 11:43:53', '2018-05-17 22:00:24');
INSERT INTO `courses` (`id`, `course_name`, `degree_level`, `created_at`, `updated_at`) VALUES (2, 'earum', 'Eaque labore aut suscipit et.', '2008-12-04 15:20:35', '1986-08-13 03:01:20');
INSERT INTO `courses` (`id`, `course_name`, `degree_level`, `created_at`, `updated_at`) VALUES (3, 'quo', 'Sequi aut id voluptatem.', '2014-07-05 13:04:11', '2009-11-02 05:51:54');
INSERT INTO `courses` (`id`, `course_name`, `degree_level`, `created_at`, `updated_at`) VALUES (4, 'iste', 'Error omnis itaque necessitatibus.', '2018-03-17 21:13:16', '1990-06-30 07:07:17');
INSERT INTO `courses` (`id`, `course_name`, `degree_level`, `created_at`, `updated_at`) VALUES (5, 'possimus', 'Et cumque possimus mollitia.', '2016-02-17 09:50:27', '2014-12-09 12:57:25');
INSERT INTO `courses` (`id`, `course_name`, `degree_level`, `created_at`, `updated_at`) VALUES (6, 'vero', 'Exercitationem unde consequatur aliquid et.', '1975-07-16 22:23:54', '2000-01-10 07:09:03');
INSERT INTO `courses` (`id`, `course_name`, `degree_level`, `created_at`, `updated_at`) VALUES (7, 'nesciunt', 'Inventore animi sit provident rerum quis.', '1972-02-25 02:38:54', '2020-03-12 22:47:06');
INSERT INTO `courses` (`id`, `course_name`, `degree_level`, `created_at`, `updated_at`) VALUES (8, 'corporis', 'Nisi soluta dolor.', '1973-02-13 09:08:59', '1988-05-01 11:53:13');
INSERT INTO `courses` (`id`, `course_name`, `degree_level`, `created_at`, `updated_at`) VALUES (9, 'minima', 'Alias dolor porro qui.', '1978-07-31 15:07:28', '1976-03-22 17:13:39');
INSERT INTO `courses` (`id`, `course_name`, `degree_level`, `created_at`, `updated_at`) VALUES (10, 'tempore', 'Accusantium magni aliquid voluptas distinctio.', '2018-07-23 07:53:18', '2004-11-13 20:08:43');
INSERT INTO `courses` (`id`, `course_name`, `degree_level`, `created_at`, `updated_at`) VALUES (11, 'aliquid', 'Illum porro dolores reprehenderit expedita.', '1974-05-20 21:07:35', '2021-02-07 01:47:20');
INSERT INTO `courses` (`id`, `course_name`, `degree_level`, `created_at`, `updated_at`) VALUES (12, 'velit', 'Molestias omnis rerum exercitationem quo.', '1974-02-04 18:59:55', '2021-07-10 23:23:39');
INSERT INTO `courses` (`id`, `course_name`, `degree_level`, `created_at`, `updated_at`) VALUES (13, 'esse', 'Omnis cumque expedita saepe.', '2017-06-29 14:48:41', '2005-10-14 12:41:55');
INSERT INTO `courses` (`id`, `course_name`, `degree_level`, `created_at`, `updated_at`) VALUES (14, 'qui', 'Reiciendis dolore rerum.', '2004-05-06 11:27:31', '2004-11-17 10:27:48');
INSERT INTO `courses` (`id`, `course_name`, `degree_level`, `created_at`, `updated_at`) VALUES (15, 'quis', 'Vitae laudantium et.', '1976-10-12 22:10:09', '2021-09-24 06:39:05');
INSERT INTO `courses` (`id`, `course_name`, `degree_level`, `created_at`, `updated_at`) VALUES (16, 'sunt', 'Aut nobis perferendis assumenda.', '2020-10-04 19:47:24', '2012-05-05 18:12:25');
INSERT INTO `courses` (`id`, `course_name`, `degree_level`, `created_at`, `updated_at`) VALUES (17, 'quasi', 'Temporibus libero et quia ratione.', '2013-03-31 11:46:43', '1972-08-16 23:19:34');
INSERT INTO `courses` (`id`, `course_name`, `degree_level`, `created_at`, `updated_at`) VALUES (18, 'dolores', 'Pariatur nam dolor dignissimos.', '1985-03-09 06:23:01', '1999-02-13 01:57:47');
INSERT INTO `courses` (`id`, `course_name`, `degree_level`, `created_at`, `updated_at`) VALUES (19, 'ut', 'Omnis debitis iure sint.', '2013-12-26 07:18:11', '1989-02-03 19:12:01');
INSERT INTO `courses` (`id`, `course_name`, `degree_level`, `created_at`, `updated_at`) VALUES (20, 'eum', 'In maxime voluptatem sunt harum ut.', '2005-06-01 07:35:37', '2016-06-06 05:27:38');
INSERT INTO `courses` (`id`, `course_name`, `degree_level`, `created_at`, `updated_at`) VALUES (21, 'maiores', 'Modi dolores nihil voluptatem sed sed.', '1971-04-24 16:59:50', '1990-10-16 07:05:23');
INSERT INTO `courses` (`id`, `course_name`, `degree_level`, `created_at`, `updated_at`) VALUES (22, 'nemo', 'Fugiat enim minima nihil eos.', '1999-04-10 07:17:53', '1977-05-04 10:07:00');
INSERT INTO `courses` (`id`, `course_name`, `degree_level`, `created_at`, `updated_at`) VALUES (23, 'sint', 'Commodi hic facilis inventore.', '1995-01-26 06:31:34', '2016-05-30 09:52:58');
INSERT INTO `courses` (`id`, `course_name`, `degree_level`, `created_at`, `updated_at`) VALUES (24, 'quis', 'Et cum sunt reiciendis.', '1991-06-02 20:20:16', '1970-02-22 05:13:56');
INSERT INTO `courses` (`id`, `course_name`, `degree_level`, `created_at`, `updated_at`) VALUES (25, 'dolores', 'Ut quos similique.', '2006-01-29 03:10:46', '1995-10-12 04:50:08');
INSERT INTO `courses` (`id`, `course_name`, `degree_level`, `created_at`, `updated_at`) VALUES (26, 'voluptatem', 'Quis nisi iste perferendis.', '2016-07-17 16:05:39', '1985-05-17 02:07:07');
INSERT INTO `courses` (`id`, `course_name`, `degree_level`, `created_at`, `updated_at`) VALUES (27, 'ut', 'Consequatur quos nisi quibusdam.', '2000-09-21 07:09:12', '2003-04-05 09:48:13');
INSERT INTO `courses` (`id`, `course_name`, `degree_level`, `created_at`, `updated_at`) VALUES (28, 'est', 'Doloremque explicabo illo nihil quasi.', '2017-04-08 17:34:00', '2023-08-28 03:43:34');
INSERT INTO `courses` (`id`, `course_name`, `degree_level`, `created_at`, `updated_at`) VALUES (29, 'repudiandae', 'Dolor enim eveniet qui quo.', '2012-12-31 00:54:25', '1991-07-28 05:42:29');
INSERT INTO `courses` (`id`, `course_name`, `degree_level`, `created_at`, `updated_at`) VALUES (30, 'accusamus', 'Nemo est odit.', '2003-11-02 14:02:55', '1982-08-06 03:41:07');
INSERT INTO `courses` (`id`, `course_name`, `degree_level`, `created_at`, `updated_at`) VALUES (31, 'quo', 'Libero et nulla fugiat.', '2012-01-02 06:25:18', '1987-08-16 01:52:27');
INSERT INTO `courses` (`id`, `course_name`, `degree_level`, `created_at`, `updated_at`) VALUES (32, 'cum', 'Voluptas distinctio impedit nam.', '2003-11-03 09:05:25', '2014-08-13 22:54:52');
INSERT INTO `courses` (`id`, `course_name`, `degree_level`, `created_at`, `updated_at`) VALUES (33, 'eum', 'Aut possimus voluptate vitae maxime.', '2022-12-21 17:39:35', '1979-03-14 23:52:20');
INSERT INTO `courses` (`id`, `course_name`, `degree_level`, `created_at`, `updated_at`) VALUES (34, 'pariatur', 'Sed eaque ipsam asperiores.', '1978-03-17 11:32:23', '1998-04-28 20:39:03');
INSERT INTO `courses` (`id`, `course_name`, `degree_level`, `created_at`, `updated_at`) VALUES (35, 'quasi', 'Pariatur aliquid consequatur animi vero.', '2015-12-09 22:13:35', '2011-02-12 05:24:02');
INSERT INTO `courses` (`id`, `course_name`, `degree_level`, `created_at`, `updated_at`) VALUES (36, 'ut', 'Ut eum quos impedit.', '1986-12-18 21:23:57', '2006-02-15 00:59:46');
INSERT INTO `courses` (`id`, `course_name`, `degree_level`, `created_at`, `updated_at`) VALUES (37, 'velit', 'At odit necessitatibus nihil.', '1980-02-17 05:46:06', '2004-11-15 21:24:17');
INSERT INTO `courses` (`id`, `course_name`, `degree_level`, `created_at`, `updated_at`) VALUES (38, 'autem', 'Praesentium quae et.', '2014-12-01 23:49:02', '2005-12-31 11:44:26');

-- INSERT INTO `eligibilities` (`id`, `eligibility_text`, `created_at`, `updated_at`) VALUES (1, 'Expedita qui iste qui doloribus repudiandae aut non. Velit ipsam beatae quae rerum natus ratione. Rerum et in nihil vel rem ut non. Dolorem ipsam dolorum in sit. Et impedit sint commodi ipsa.', '2000-03-29 05:29:56', '1993-05-16 14:09:41');
-- INSERT INTO `eligibilities` (`id`, `eligibility_text`, `created_at`, `updated_at`) VALUES (2, 'Aut odio vel amet est. Rem natus praesentium omnis provident. Voluptas animi ratione dolorem eum placeat laborum. Nisi labore esse vitae maxime.', '2016-09-21 21:45:10', '2013-05-29 21:21:06');
-- INSERT INTO `eligibilities` (`id`, `eligibility_text`, `created_at`, `updated_at`) VALUES (3, 'Ad dolorem soluta iste sit. Rerum dolor ducimus quo ex a est. Ducimus enim maiores et minima et sed. Vel aut asperiores aut delectus esse vitae quas. Nisi cupiditate expedita modi corrupti reprehenderit ut inventore.', '1970-12-01 06:10:37', '1998-04-23 20:14:33');
-- INSERT INTO `eligibilities` (`id`, `eligibility_text`, `created_at`, `updated_at`) VALUES (4, 'Dolores et harum cupiditate velit repellendus ab. Dolores facilis voluptatem necessitatibus voluptatem omnis accusantium temporibus. Similique doloribus qui esse a. Error veritatis quasi dicta qui cumque vero.', '2006-12-19 17:37:40', '2021-09-30 15:01:56');
-- INSERT INTO `eligibilities` (`id`, `eligibility_text`, `created_at`, `updated_at`) VALUES (5, 'Amet quo in iste sed in quae quam. Consequatur facere aliquam perspiciatis omnis quo et et. Nihil totam nihil tempora rerum ipsam dolorum.', '1984-01-25 23:23:16', '2002-10-30 16:27:49');
-- INSERT INTO `eligibilities` (`id`, `eligibility_text`, `created_at`, `updated_at`) VALUES (6, 'Quibusdam similique non labore reprehenderit a. Reiciendis in voluptas cum tempore. Voluptates repellendus est accusantium omnis quo rerum cum et. Expedita expedita ut autem quia nisi. Deleniti iure quod voluptatem et aspernatur non qui.', '1990-11-29 20:59:18', '2019-06-11 15:53:25');
-- INSERT INTO `eligibilities` (`id`, `eligibility_text`, `created_at`, `updated_at`) VALUES (7, 'Ipsum consequatur corrupti sit ipsa vel sed aspernatur. Sed recusandae voluptas autem modi. Ad fugit quia repellendus sit totam est. Sapiente ut repudiandae laudantium sint quibusdam porro qui.', '2016-12-13 20:39:57', '1983-01-24 07:47:01');
-- INSERT INTO `eligibilities` (`id`, `eligibility_text`, `created_at`, `updated_at`) VALUES (8, 'Rerum deserunt ut esse omnis. Et dolor deleniti voluptatem sed a quia aut. Expedita modi temporibus architecto est est. Voluptatum facilis nihil excepturi doloribus.', '2019-03-03 19:05:41', '2010-11-09 16:16:02');
-- INSERT INTO `eligibilities` (`id`, `eligibility_text`, `created_at`, `updated_at`) VALUES (9, 'Veniam corrupti deserunt assumenda. Similique veniam et nisi delectus. Velit eligendi sed soluta et corporis impedit maxime. Fuga facere enim reiciendis sint.', '1975-09-03 13:06:57', '2019-02-08 13:47:37');
-- INSERT INTO `eligibilities` (`id`, `eligibility_text`, `created_at`, `updated_at`) VALUES (10, 'Cupiditate veniam placeat voluptas aliquam. Quo beatae ex nam earum culpa asperiores id nam. Aliquid voluptas cupiditate ipsum eius velit molestiae voluptatem.', '2001-09-04 15:03:25', '2010-06-09 05:13:11');
-- INSERT INTO `eligibilities` (`id`, `eligibility_text`, `created_at`, `updated_at`) VALUES (11, 'Nostrum delectus et eum officiis qui. Consequatur dicta dolorem quidem est laborum nobis. Mollitia voluptatem id error optio ducimus tempore porro. Laudantium dolores sed animi exercitationem magnam non.', '1990-01-16 14:56:18', '2000-10-25 20:17:22');
-- INSERT INTO `eligibilities` (`id`, `eligibility_text`, `created_at`, `updated_at`) VALUES (12, 'Sequi eaque voluptate perferendis fugiat. Fuga vitae dolore fugit aut. Est magni minus optio qui ut doloremque voluptatem. Ut in sunt aut est temporibus animi. Minima voluptate unde voluptatibus nobis autem qui. Cum eius qui a architecto incidunt.', '2011-06-18 06:26:17', '2004-10-07 23:43:14');
-- INSERT INTO `eligibilities` (`id`, `eligibility_text`, `created_at`, `updated_at`) VALUES (13, 'Deleniti quasi voluptas sed sint. Et quo sint magnam omnis debitis fugiat. Ut voluptate iusto voluptate rerum. Possimus voluptatem magnam qui delectus sint laboriosam. Quidem sit itaque ea nemo corporis ea. Impedit est placeat sit quos iste.', '2003-11-13 16:38:56', '2023-03-09 01:11:20');
-- INSERT INTO `eligibilities` (`id`, `eligibility_text`, `created_at`, `updated_at`) VALUES (14, 'Eos aperiam sed a nesciunt magni odio autem. Praesentium repellendus laboriosam ducimus asperiores aspernatur ducimus. Ut minus cupiditate adipisci ex. Omnis nisi placeat quia cumque.', '2012-01-31 16:49:08', '2010-07-27 02:05:51');
-- INSERT INTO `eligibilities` (`id`, `eligibility_text`, `created_at`, `updated_at`) VALUES (15, 'Beatae voluptatem cumque quidem est natus ut illo. Error voluptate in eaque debitis similique voluptate tempore. Doloribus cumque quod iure id cum velit. Incidunt omnis voluptatem inventore voluptatibus maiores quia.', '1975-10-30 22:03:46', '2010-10-08 03:57:15');
-- INSERT INTO `eligibilities` (`id`, `eligibility_text`, `created_at`, `updated_at`) VALUES (16, 'Neque facere non animi reprehenderit beatae cumque. Sit reprehenderit qui voluptatem qui unde. Fugiat natus error quia aspernatur vel.', '2008-06-26 22:58:57', '2018-10-24 04:38:29');
-- INSERT INTO `eligibilities` (`id`, `eligibility_text`, `created_at`, `updated_at`) VALUES (17, 'Reprehenderit illum dolorem consequatur omnis porro ab. Omnis perspiciatis dolorem blanditiis dolore. Nihil ea ea ex et deleniti voluptatem perspiciatis. Rerum sit laboriosam ut a molestiae. Molestiae sed aliquid eligendi et ratione numquam incidunt.', '1982-08-25 00:24:24', '1993-06-14 04:06:23');
-- INSERT INTO `eligibilities` (`id`, `eligibility_text`, `created_at`, `updated_at`) VALUES (18, 'Soluta ex temporibus qui debitis. Totam provident aut recusandae recusandae laudantium ab aspernatur. Dolores quia dolore officiis eum totam quisquam similique nihil. Est et officia repellat officiis. Hic odio aspernatur aut dolorem.', '1980-01-25 04:05:17', '1995-03-04 09:52:39');
-- INSERT INTO `eligibilities` (`id`, `eligibility_text`, `created_at`, `updated_at`) VALUES (19, 'Incidunt voluptatem quaerat laudantium necessitatibus eos provident. Eos temporibus iusto dolor non quia. Ab dicta quia deleniti at nulla non. Beatae amet tempore qui commodi magnam harum magni. Porro rerum placeat sed vero expedita vel quod. Quis et dolor repellendus.', '1999-02-08 22:59:58', '2007-05-01 22:23:15');
-- INSERT INTO `eligibilities` (`id`, `eligibility_text`, `created_at`, `updated_at`) VALUES (20, 'Nulla amet nesciunt error sint et laboriosam. Sed hic sit quidem. Occaecati optio ut ipsam placeat error accusantium. Incidunt consequatur facere esse vero.', '1981-10-13 14:16:58', '2013-09-10 01:39:44');
-- INSERT INTO `eligibilities` (`id`, `eligibility_text`, `created_at`, `updated_at`) VALUES (21, 'Dolor laudantium voluptatibus quibusdam in rerum. Alias neque totam est rem reiciendis sunt excepturi. Quis cupiditate iure velit optio. Fuga et aut architecto nemo voluptates iure. Laboriosam ut praesentium ullam voluptate et culpa nam. Ut temporibus maxime esse amet perferendis beatae dolores in.', '2018-10-15 01:39:07', '2013-12-20 02:10:09');
-- INSERT INTO `eligibilities` (`id`, `eligibility_text`, `created_at`, `updated_at`) VALUES (22, 'Unde ipsa ducimus ut eos qui rerum quia quidem. Voluptatem aut ea eius libero. Debitis beatae voluptatum rerum rem. Sint fuga commodi nobis porro repellat est. Explicabo in iste tempore minus. Nostrum quia dolore vel tenetur.', '1986-04-05 16:46:57', '1974-03-12 19:28:34');
-- INSERT INTO `eligibilities` (`id`, `eligibility_text`, `created_at`, `updated_at`) VALUES (23, 'Ipsam odio harum voluptatibus suscipit. Quaerat quia dolores ex quia laborum cupiditate. Autem veniam dolores est a et voluptas ut. Tenetur sit maiores omnis corrupti quas et voluptas eos.', '1996-07-07 21:41:23', '2022-06-26 12:59:00');
-- INSERT INTO `eligibilities` (`id`, `eligibility_text`, `created_at`, `updated_at`) VALUES (24, 'Quam non et velit autem. Id aut cum aperiam quia et ratione blanditiis. Quo omnis expedita perspiciatis et laborum unde. Quo velit aut et et recusandae. Modi voluptatem eos eveniet similique.', '1998-03-03 01:26:44', '2008-03-22 13:17:47');
-- INSERT INTO `eligibilities` (`id`, `eligibility_text`, `created_at`, `updated_at`) VALUES (25, 'Perferendis omnis est porro et et velit nesciunt. In non maxime porro reprehenderit molestiae. Fuga nemo deserunt non nobis.', '2016-07-13 04:50:39', '1980-06-10 03:13:58');
-- INSERT INTO `eligibilities` (`id`, `eligibility_text`, `created_at`, `updated_at`) VALUES (26, 'Repellendus est amet voluptas consequatur dignissimos eaque. Dolores pariatur et rerum assumenda et et. Ea sunt blanditiis incidunt vero occaecati. Laborum ea animi minima dolore iure velit non fugiat. Quasi quia quam at. Modi deleniti itaque error possimus perferendis ipsa hic eum.', '1974-07-03 03:28:52', '2022-06-30 12:28:59');
-- INSERT INTO `eligibilities` (`id`, `eligibility_text`, `created_at`, `updated_at`) VALUES (27, 'Necessitatibus ut inventore non sed ut. Sit odit non aut blanditiis velit. Ad saepe eum laborum quasi cupiditate enim.', '2006-12-27 06:42:29', '1970-01-08 08:54:27');
-- INSERT INTO `eligibilities` (`id`, `eligibility_text`, `created_at`, `updated_at`) VALUES (28, 'Rerum sed et iste facilis ipsam aliquam. Reiciendis illo dolorem ipsa omnis. Quaerat commodi est facere. Possimus enim unde pariatur corrupti. Vel harum iure maiores libero. Commodi veritatis exercitationem voluptate ea praesentium dolorem aut quos.', '2005-12-06 23:22:18', '2010-10-03 03:46:33');
-- INSERT INTO `eligibilities` (`id`, `eligibility_text`, `created_at`, `updated_at`) VALUES (29, 'Distinctio quasi quis et porro. Provident recusandae pariatur tempore aspernatur et qui odio. Praesentium ut accusamus et illum voluptates enim aperiam.', '1988-01-20 04:02:22', '2023-09-16 23:42:24');
-- INSERT INTO `eligibilities` (`id`, `eligibility_text`, `created_at`, `updated_at`) VALUES (30, 'Explicabo ipsum aliquam optio autem est odio et. Rerum consequatur et praesentium quidem quibusdam consequatur. Vitae at nulla exercitationem facere in qui voluptatibus aut. Maxime aut porro vel quisquam accusamus esse. Et doloremque occaecati dolores sed ut et magnam molestiae.', '2022-02-20 08:07:46', '1998-09-04 06:40:42');

INSERT INTO `provinces` (`id`, `province_name`, `created_at`, `updated_at`) VALUES (1, 'incidunt', '1997-11-09 04:07:41', '1983-12-16 02:48:06');
INSERT INTO `provinces` (`id`, `province_name`, `created_at`, `updated_at`) VALUES (2, 'asperiores', '1981-10-23 15:57:11', '2006-11-04 03:52:20');
INSERT INTO `provinces` (`id`, `province_name`, `created_at`, `updated_at`) VALUES (3, 'nihil', '1994-02-27 20:51:39', '2011-07-31 23:08:31');
INSERT INTO `provinces` (`id`, `province_name`, `created_at`, `updated_at`) VALUES (4, 'nobis', '2006-05-09 21:50:38', '2003-07-19 01:34:28');
INSERT INTO `provinces` (`id`, `province_name`, `created_at`, `updated_at`) VALUES (5, 'delectus', '2005-05-08 10:00:43', '1981-08-02 12:57:13');
INSERT INTO `provinces` (`id`, `province_name`, `created_at`, `updated_at`) VALUES (6, 'iusto', '1997-03-04 16:59:09', '1989-02-26 08:03:45');
INSERT INTO `provinces` (`id`, `province_name`, `created_at`, `updated_at`) VALUES (7, 'id', '2010-02-25 05:01:58', '1973-03-11 04:25:45');
INSERT INTO `provinces` (`id`, `province_name`, `created_at`, `updated_at`) VALUES (8, 'voluptatem', '1979-04-13 20:30:15', '2009-05-24 04:19:31');
INSERT INTO `provinces` (`id`, `province_name`, `created_at`, `updated_at`) VALUES (9, 'aut', '2010-06-02 16:21:54', '1999-09-19 10:32:01');
INSERT INTO `provinces` (`id`, `province_name`, `created_at`, `updated_at`) VALUES (10, 'expedita', '1985-08-31 03:12:25', '1993-08-16 13:13:58');
INSERT INTO `provinces` (`id`, `province_name`, `created_at`, `updated_at`) VALUES (11, 'ipsa', '2022-11-05 15:38:02', '2015-05-17 19:41:06');
INSERT INTO `provinces` (`id`, `province_name`, `created_at`, `updated_at`) VALUES (12, 'ex', '2022-06-25 21:57:35', '1992-11-18 10:32:04');
INSERT INTO `provinces` (`id`, `province_name`, `created_at`, `updated_at`) VALUES (13, 'doloribus', '2014-04-21 11:17:08', '1980-11-29 09:00:41');
INSERT INTO `provinces` (`id`, `province_name`, `created_at`, `updated_at`) VALUES (14, 'sequi', '1997-11-09 18:51:45', '2020-03-26 02:35:38');
INSERT INTO `provinces` (`id`, `province_name`, `created_at`, `updated_at`) VALUES (15, 'amet', '2017-04-21 18:45:19', '1978-07-13 06:28:00');
INSERT INTO `provinces` (`id`, `province_name`, `created_at`, `updated_at`) VALUES (16, 'qui', '2001-12-11 10:16:06', '1974-06-27 05:16:09');
INSERT INTO `provinces` (`id`, `province_name`, `created_at`, `updated_at`) VALUES (17, 'molestiae', '2023-04-19 13:18:22', '2017-01-17 20:20:46');
INSERT INTO `provinces` (`id`, `province_name`, `created_at`, `updated_at`) VALUES (18, 'ut', '1994-06-28 11:57:02', '1993-03-12 19:49:05');
INSERT INTO `provinces` (`id`, `province_name`, `created_at`, `updated_at`) VALUES (19, 'dolores', '1993-01-09 00:45:04', '1972-12-13 01:55:55');
INSERT INTO `provinces` (`id`, `province_name`, `created_at`, `updated_at`) VALUES (20, 'ut', '1974-03-23 05:09:55', '1997-01-04 14:22:15');

INSERT INTO `regions` (`id`, `region_name`, `created_at`, `updated_at`) VALUES (1, 'NorthCarolina', '1981-09-17 12:41:22', '2022-04-27 19:24:17');
INSERT INTO `regions` (`id`, `region_name`, `created_at`, `updated_at`) VALUES (2, 'SouthCarolina', '2021-04-05 19:26:01', '1991-06-14 04:31:24');
INSERT INTO `regions` (`id`, `region_name`, `created_at`, `updated_at`) VALUES (3, 'Texas', '2021-08-24 12:55:30', '2011-01-17 00:00:10');
INSERT INTO `regions` (`id`, `region_name`, `created_at`, `updated_at`) VALUES (4, 'Montana', '2014-12-30 08:47:33', '2004-03-29 03:25:50');
INSERT INTO `regions` (`id`, `region_name`, `created_at`, `updated_at`) VALUES (5, 'Arizona', '1975-03-08 11:37:08', '2009-10-19 21:46:17');
INSERT INTO `regions` (`id`, `region_name`, `created_at`, `updated_at`) VALUES (6, 'Montana', '1994-01-28 05:01:51', '1984-06-09 01:08:55');
INSERT INTO `regions` (`id`, `region_name`, `created_at`, `updated_at`) VALUES (7, 'Florida', '1974-07-19 00:38:55', '2006-10-24 02:11:34');
INSERT INTO `regions` (`id`, `region_name`, `created_at`, `updated_at`) VALUES (8, 'NewMexico', '1980-12-18 08:14:01', '2000-02-12 10:49:45');
INSERT INTO `regions` (`id`, `region_name`, `created_at`, `updated_at`) VALUES (9, 'Tennessee', '2008-08-11 02:15:03', '2018-04-03 05:40:13');
INSERT INTO `regions` (`id`, `region_name`, `created_at`, `updated_at`) VALUES (10, 'Vermont', '1995-10-03 01:11:24', '1988-12-17 15:05:30');
INSERT INTO `regions` (`id`, `region_name`, `created_at`, `updated_at`) VALUES (11, 'Oklahoma', '1971-05-24 08:18:06', '1974-03-20 23:14:36');
INSERT INTO `regions` (`id`, `region_name`, `created_at`, `updated_at`) VALUES (12, 'Maryland', '2022-09-24 17:27:47', '1992-09-25 03:44:26');
INSERT INTO `regions` (`id`, `region_name`, `created_at`, `updated_at`) VALUES (13, 'Iowa', '2011-01-22 19:40:41', '2004-12-01 22:42:35');
INSERT INTO `regions` (`id`, `region_name`, `created_at`, `updated_at`) VALUES (14, 'Delaware', '1988-09-03 18:54:09', '2006-09-09 21:30:57');
INSERT INTO `regions` (`id`, `region_name`, `created_at`, `updated_at`) VALUES (15, 'Arizona', '2019-11-29 19:57:37', '1977-12-19 02:11:32');
INSERT INTO `regions` (`id`, `region_name`, `created_at`, `updated_at`) VALUES (16, 'Idaho', '1992-07-28 01:00:48', '2019-06-23 12:46:14');
INSERT INTO `regions` (`id`, `region_name`, `created_at`, `updated_at`) VALUES (17, 'Virginia', '1984-04-05 10:01:02', '1998-10-09 04:19:20');

-- INSERT INTO `requirements` (`id`, `requirements_text`, `created_at`, `updated_at`) VALUES (1, 'Voluptatem eum temporibus dolorem nisi minus laudantium neque. Quam repellendus sed illum. Voluptate vero illum quis quam aliquam corporis tempora. Non quasi rerum temporibus qui.', '1975-10-27 09:48:54', '2018-11-22 14:36:44');
-- INSERT INTO `requirements` (`id`, `requirements_text`, `created_at`, `updated_at`) VALUES (2, 'Architecto occaecati vel est ipsum fugit totam magnam. Sunt blanditiis ipsum ad debitis dolorem. Deleniti fugit quasi non. Ratione optio quia enim assumenda tempora consectetur et reprehenderit. Vel repellendus unde sint sunt accusamus error. Mollitia eos quaerat dolore placeat exercitationem.', '1978-03-02 11:12:42', '2014-05-06 04:30:25');
-- INSERT INTO `requirements` (`id`, `requirements_text`, `created_at`, `updated_at`) VALUES (3, 'Impedit dolorem quae commodi quia. Quis consectetur ratione quo enim dignissimos vel sapiente. Temporibus beatae officiis eveniet quae dolorum. Fugiat et tenetur nostrum nam error.', '1989-04-21 10:12:50', '1984-04-20 20:01:17');
-- INSERT INTO `requirements` (`id`, `requirements_text`, `created_at`, `updated_at`) VALUES (4, 'Et enim ut soluta eum quia quis iure. Totam doloribus repellat quisquam quasi. Harum assumenda quasi voluptatem placeat aperiam molestiae qui voluptatibus. Ducimus commodi ut ut provident velit. Iusto dolor eos et incidunt aperiam deserunt ad soluta. Sunt cupiditate dolore esse veritatis occaecati architecto vel. Ad dolores cum et fuga qui nihil cumque.', '1980-11-10 20:11:46', '1973-10-15 15:46:15');
-- INSERT INTO `requirements` (`id`, `requirements_text`, `created_at`, `updated_at`) VALUES (5, 'Aut nesciunt dignissimos sequi vitae omnis quis corporis. Ut ut error reprehenderit omnis quasi laborum. Delectus autem enim rem earum illo magni in ut. Commodi illo dolore debitis cum. Maiores quam corporis qui sint voluptatem consequuntur. Facilis quia quasi commodi et cumque eius pariatur optio. Ut cum id illo suscipit minima explicabo error ut.', '1995-02-21 12:43:06', '2014-03-25 02:01:30');
-- INSERT INTO `requirements` (`id`, `requirements_text`, `created_at`, `updated_at`) VALUES (6, 'Sapiente facere ratione facilis aut dolor dolores. Dolore aperiam tempora voluptates. Eum earum aliquid nam labore enim aut dolorum. Odit ab laborum et consequatur doloribus aut ipsam ut. Aliquid et dolorum aliquam ducimus. Quod qui quaerat impedit pariatur ea aliquam praesentium. Eum voluptas mollitia maxime nesciunt.', '2003-12-23 10:22:12', '1999-11-20 19:52:25');
-- INSERT INTO `requirements` (`id`, `requirements_text`, `created_at`, `updated_at`) VALUES (7, 'Iure hic rerum dolore provident consequatur ipsa. Pariatur maxime et ea eveniet et praesentium. Error doloribus reprehenderit natus fuga quos corporis. Quia et a quis. Nulla porro minima maxime neque esse culpa. Mollitia et sapiente laudantium ratione est assumenda.', '1982-12-27 19:48:13', '2011-02-27 13:01:22');
-- INSERT INTO `requirements` (`id`, `requirements_text`, `created_at`, `updated_at`) VALUES (8, 'Iusto possimus sit quisquam porro tempore quidem. Assumenda fugiat sit doloribus voluptas qui quia. Facilis quis odit illo. Nulla sit accusamus voluptate libero. Quam at culpa eligendi velit.', '2004-04-09 11:13:24', '2007-06-12 17:05:39');
-- INSERT INTO `requirements` (`id`, `requirements_text`, `created_at`, `updated_at`) VALUES (9, 'Modi ratione at rerum dicta ut consequatur et error. Adipisci nostrum reprehenderit blanditiis vitae. Dolorem reiciendis ea suscipit rerum et. Corrupti quaerat nulla nihil est beatae officiis. Sint sit molestiae beatae aut fugiat earum quo. Voluptatum ut atque vitae similique.', '1997-01-27 10:56:28', '1987-09-28 16:10:50');
-- INSERT INTO `requirements` (`id`, `requirements_text`, `created_at`, `updated_at`) VALUES (10, 'Rerum laborum explicabo ab eligendi rem. Ducimus dolorum pariatur voluptate ut iure natus maxime. Error quos non laborum quis atque omnis. Ratione ut nihil repudiandae optio aut.', '1995-10-10 05:31:59', '2015-02-10 13:20:43');
-- INSERT INTO `requirements` (`id`, `requirements_text`, `created_at`, `updated_at`) VALUES (11, 'Dicta voluptas quia ducimus eveniet voluptas id porro. Aut esse iusto rerum ea labore tenetur. Laborum repudiandae molestiae laboriosam accusamus. Dignissimos reiciendis quia rerum ab. Sapiente dolores mollitia minima quod. Qui voluptate earum sint blanditiis tempore laborum quae. Et distinctio molestias dignissimos expedita ratione veritatis.', '2009-12-28 14:54:41', '1984-08-02 06:48:32');
-- INSERT INTO `requirements` (`id`, `requirements_text`, `created_at`, `updated_at`) VALUES (12, 'Nihil qui id expedita iste vel. Nihil rem nostrum vitae et. Itaque eaque est quia in aliquid dolores voluptatibus non. Iste aut quibusdam labore perspiciatis qui.', '2013-08-15 22:54:19', '1997-01-06 21:07:44');
-- INSERT INTO `requirements` (`id`, `requirements_text`, `created_at`, `updated_at`) VALUES (13, 'Eum deleniti qui voluptas animi. Rerum velit neque autem eos voluptatem occaecati perferendis. Numquam eius iste est tempore nobis sequi. Doloremque enim reprehenderit magni quasi aut. Optio repellat vel magni deleniti iure.', '1997-06-28 20:10:55', '2010-07-03 10:20:34');
-- INSERT INTO `requirements` (`id`, `requirements_text`, `created_at`, `updated_at`) VALUES (14, 'Voluptas ipsa qui deleniti consequatur. Et aliquam velit ex eum. Ea est sit illum eius officiis quos. At et sed dolore nihil sapiente dolorum quo. Sit sint eos quod quas qui et atque. Eius pariatur rerum impedit sit consequuntur aut.', '1978-05-16 11:52:39', '1994-01-10 21:15:25');
-- INSERT INTO `requirements` (`id`, `requirements_text`, `created_at`, `updated_at`) VALUES (15, 'Omnis dignissimos iste voluptates dignissimos et autem. Aut quia nemo possimus dicta itaque et sunt harum. Fuga inventore harum debitis odio quisquam adipisci odio. Quo harum est reiciendis modi. Ullam exercitationem nihil ut in tempora.', '2014-08-28 09:57:09', '2014-02-17 20:40:23');
-- INSERT INTO `requirements` (`id`, `requirements_text`, `created_at`, `updated_at`) VALUES (16, 'Repellendus nemo rerum eius necessitatibus sed aut omnis. Quia voluptatem qui quaerat nobis. In et non aut quia veniam ut modi. At est qui neque amet doloremque. Ut sit velit suscipit. Sunt optio et accusantium tenetur et.', '2017-11-30 03:47:00', '2015-07-14 21:29:19');
-- INSERT INTO `requirements` (`id`, `requirements_text`, `created_at`, `updated_at`) VALUES (17, 'Laborum officiis ut sit qui vitae non explicabo. Eveniet maxime rerum beatae debitis quod quod. Impedit repellat nihil quae animi ratione saepe. Sed sequi soluta neque quia molestias placeat.', '2016-08-12 11:44:59', '1970-06-30 20:41:31');
-- INSERT INTO `requirements` (`id`, `requirements_text`, `created_at`, `updated_at`) VALUES (18, 'Officia accusantium harum aut officia ducimus. Voluptatum officiis velit esse ea. Assumenda et cum et qui doloribus illo consectetur. Atque omnis doloribus dolore suscipit. Non beatae id autem quidem.', '2009-10-15 14:52:27', '1977-03-01 18:23:55');
-- INSERT INTO `requirements` (`id`, `requirements_text`, `created_at`, `updated_at`) VALUES (19, 'Aut corrupti ut eligendi quia ab. Blanditiis omnis quam itaque omnis. Optio occaecati voluptas ipsa accusantium minima totam. Aut adipisci possimus non ut.', '1996-03-13 08:00:32', '1984-08-31 20:01:39');
-- INSERT INTO `requirements` (`id`, `requirements_text`, `created_at`, `updated_at`) VALUES (20, 'Ut soluta quibusdam id nesciunt non. Ea architecto odit nesciunt corrupti optio. Exercitationem et explicabo dicta omnis sequi temporibus. Est sint eveniet commodi fuga. Quae nam necessitatibus illo reprehenderit.', '2008-09-04 12:19:50', '1974-06-05 10:12:37');
-- INSERT INTO `requirements` (`id`, `requirements_text`, `created_at`, `updated_at`) VALUES (21, 'Qui distinctio amet eum consequatur. Nostrum sit dolor quasi cupiditate et molestiae perspiciatis. A quae ut provident veniam officiis quia. Aut dicta explicabo omnis tempore. Qui error sed exercitationem dignissimos quam fugiat quia.', '2007-08-29 15:49:28', '2009-06-02 14:57:42');
-- INSERT INTO `requirements` (`id`, `requirements_text`, `created_at`, `updated_at`) VALUES (22, 'Neque et voluptas sint et recusandae odio tempora. Blanditiis et nulla laborum commodi. Est nam et minima non quae blanditiis voluptate. Accusantium aut in blanditiis libero nesciunt.', '2015-08-13 01:41:54', '1983-11-14 08:37:30');
-- INSERT INTO `requirements` (`id`, `requirements_text`, `created_at`, `updated_at`) VALUES (23, 'Sequi numquam animi debitis ut quam sequi ea ad. Delectus et quaerat pariatur aut. Ad ut numquam debitis et qui. Sunt quia cumque quae et. Aut similique voluptatem in eius est rerum dolores. Minus corporis eveniet impedit culpa aspernatur.', '2013-06-06 22:23:25', '2012-01-22 11:55:21');
-- INSERT INTO `requirements` (`id`, `requirements_text`, `created_at`, `updated_at`) VALUES (24, 'Quae aliquam quibusdam minima eum quia facere et temporibus. Molestias eligendi quidem adipisci omnis id commodi repudiandae. Pariatur ut vero natus sapiente quaerat. Qui tenetur enim laudantium non voluptas. Quasi odit sit sit commodi. Fuga aut cum ipsum est dolores autem. Sunt natus voluptatem voluptatem saepe.', '1977-03-21 18:13:55', '1991-05-29 05:13:39');
-- INSERT INTO `requirements` (`id`, `requirements_text`, `created_at`, `updated_at`) VALUES (25, 'Accusantium nihil nesciunt reprehenderit vero aperiam at. Itaque praesentium fugit aut quia. Incidunt ut accusantium sunt suscipit omnis repudiandae porro quis. Accusamus odit quam culpa officiis amet. Molestiae est quibusdam eius quo culpa eum qui.', '2011-09-18 22:54:59', '2000-09-10 15:32:18');
-- INSERT INTO `requirements` (`id`, `requirements_text`, `created_at`, `updated_at`) VALUES (26, 'Dolor cum doloribus qui. Non dolorem voluptas ut quasi occaecati. Alias omnis ex expedita odit. Eum et qui sequi porro aperiam debitis.', '1992-07-11 02:49:13', '1992-12-09 19:13:38');
-- INSERT INTO `requirements` (`id`, `requirements_text`, `created_at`, `updated_at`) VALUES (27, 'Dolorum explicabo nam ut voluptas laudantium amet. Esse voluptas minus laudantium rerum illo nulla nihil. Eum maxime dolorem non maiores enim sit qui labore. Repellat quia hic nam adipisci occaecati. Eos ipsa dolores nemo quibusdam omnis culpa et.', '1977-05-19 17:58:31', '1981-09-27 23:11:54');
-- INSERT INTO `requirements` (`id`, `requirements_text`, `created_at`, `updated_at`) VALUES (28, 'Vitae voluptatibus ut aliquam laudantium atque saepe iste. Impedit in sunt illo et quidem. Quis ad inventore nostrum quis. Iure harum voluptates atque ut facere sunt possimus. Ut eos fugiat dolor veniam architecto occaecati. Saepe est voluptas excepturi fugit et soluta.', '1998-02-03 13:26:09', '1983-09-29 11:16:22');
-- INSERT INTO `requirements` (`id`, `requirements_text`, `created_at`, `updated_at`) VALUES (29, 'Omnis voluptatem nulla dolore deleniti. Aut quia et est voluptatem eaque. Qui consequatur illum rem quo modi qui rerum dolore. Minima vel molestiae asperiores mollitia eos. Eum iste quo distinctio in.', '1993-03-19 09:41:17', '2010-02-10 06:28:16');
-- INSERT INTO `requirements` (`id`, `requirements_text`, `created_at`, `updated_at`) VALUES (30, 'Distinctio ad aperiam rem explicabo accusantium ullam. Reiciendis nesciunt aut dolorem consectetur in saepe. Cum perferendis sequi voluptate doloribus molestiae. Consequatur illum consequatur eos sit.', '1989-12-02 07:28:57', '1970-12-01 16:03:16');

INSERT INTO `roles` (`id`, `role_name`) values (1, 'super-admin');
INSERT INTO `roles` (`id`, `role_name`) values (2, 'admin');
INSERT INTO `roles` (`id`, `role_name`) values (3, 'student');
INSERT INTO `roles` (`id`, `role_name`) values (4, 'provider');
INSERT INTO `roles` (`id`, `role_name`) values (5, 'developer');

-- INSERT INTO `users` (`id`, `email_address`, `first_name`, `last_name`, `birthdate`, `is_active`, `role_id`, `created_at`, `updated_at`) VALUES (1, 'deven87@example.org', 'Chloe', 'Jacobs', '1994-09-14', 0, 5, '1998-07-08 01:35:09', '2005-11-18 13:30:06');
-- INSERT INTO `users` (`id`, `email_address`, `first_name`, `last_name`, `birthdate`, `is_active`, `role_id`, `created_at`, `updated_at`) VALUES (2, 'dpaucek@example.net', 'Quinton', 'Brekke', '2023-04-26', 1, 2, '2000-03-07 16:38:45', '2005-09-07 16:49:52');
-- INSERT INTO `users` (`id`, `email_address`, `first_name`, `last_name`, `birthdate`, `is_active`, `role_id`, `created_at`, `updated_at`) VALUES (3, 'dennis.hoppe@example.com', 'Frances', 'Adams', '2009-06-30', 1, 3, '1981-08-24 18:07:33', '2004-10-09 08:23:56');
-- INSERT INTO `users` (`id`, `email_address`, `first_name`, `last_name`, `birthdate`, `is_active`, `role_id`, `created_at`, `updated_at`) VALUES (4, 'jevon.lockman@example.org', 'Hilbert', 'Lehner', '2012-07-12', 1, 5, '1979-12-21 11:57:04', '2010-11-30 21:42:04');
-- INSERT INTO `users` (`id`, `email_address`, `first_name`, `last_name`, `birthdate`, `is_active`, `role_id`, `created_at`, `updated_at`) VALUES (5, 'moses.kuphal@example.com', 'Camylle', 'Rempel', '1976-06-12', 0, 2, '2020-09-04 23:58:11', '1978-02-24 13:43:01');
-- INSERT INTO `users` (`id`, `email_address`, `first_name`, `last_name`, `birthdate`, `is_active`, `role_id`, `created_at`, `updated_at`) VALUES (6, 'zola87@example.net', 'Savanna', 'Parker', '2019-07-04', 1, 3, '2004-07-07 19:13:17', '2011-10-31 21:42:11');
-- INSERT INTO `users` (`id`, `email_address`, `first_name`, `last_name`, `birthdate`, `is_active`, `role_id`, `created_at`, `updated_at`) VALUES (7, 'korbin.schiller@example.org', 'Kallie', 'Stanton', '2022-11-24', 1, 3, '1972-09-01 19:50:17', '2005-09-09 02:02:14');
-- INSERT INTO `users` (`id`, `email_address`, `first_name`, `last_name`, `birthdate`, `is_active`, `role_id`, `created_at`, `updated_at`) VALUES (8, 'grant.cullen@example.org', 'Zoie', 'Torp', '1981-02-05', 1, 4, '2020-01-07 06:22:38', '2007-01-25 17:25:07');
-- INSERT INTO `users` (`id`, `email_address`, `first_name`, `last_name`, `birthdate`, `is_active`, `role_id`, `created_at`, `updated_at`) VALUES (9, 'schoen.jaunita@example.org', 'Jasen', 'Buckridge', '1980-07-18', 0, 2, '2012-12-16 11:35:21', '2019-09-14 10:28:20');
-- INSERT INTO `users` (`id`, `email_address`, `first_name`, `last_name`, `birthdate`, `is_active`, `role_id`, `created_at`, `updated_at`) VALUES (10, 'walsh.maiya@example.net', 'Velda', 'Langworth', '2021-08-22', 1, 2, '2012-03-28 23:23:49', '2013-11-08 01:55:22');
-- INSERT INTO `users` (`id`, `email_address`, `first_name`, `last_name`, `birthdate`, `is_active`, `role_id`, `created_at`, `updated_at`) VALUES (11, 'ernestine.beer@example.org', 'Jocelyn', 'Hauck', '2018-12-05', 0, 4, '1984-06-22 15:32:49', '1976-12-21 16:41:15');
-- INSERT INTO `users` (`id`, `email_address`, `first_name`, `last_name`, `birthdate`, `is_active`, `role_id`, `created_at`, `updated_at`) VALUES (12, 'rashad13@example.org', 'Abdiel', 'Bailey', '2014-10-28', 0, 4, '1984-06-18 19:54:58', '2009-06-21 01:58:45');
-- INSERT INTO `users` (`id`, `email_address`, `first_name`, `last_name`, `birthdate`, `is_active`, `role_id`, `created_at`, `updated_at`) VALUES (13, 'qerdman@example.com', 'Freda', 'Prohaska', '2008-12-18', 0, 5, '1970-07-06 17:48:02', '2007-06-25 23:40:40');
-- INSERT INTO `users` (`id`, `email_address`, `first_name`, `last_name`, `birthdate`, `is_active`, `role_id`, `created_at`, `updated_at`) VALUES (14, 'rhintz@example.com', 'Ryder', 'Bayer', '2008-10-01', 0, 5, '2011-09-25 05:44:08', '2007-12-12 00:50:39');
-- INSERT INTO `users` (`id`, `email_address`, `first_name`, `last_name`, `birthdate`, `is_active`, `role_id`, `created_at`, `updated_at`) VALUES (15, 'sreinger@example.net', 'Kellie', 'Hirthe', '2005-05-22', 0, 5, '1977-08-27 06:12:55', '2014-11-04 21:01:14');
-- INSERT INTO `users` (`id`, `email_address`, `first_name`, `last_name`, `birthdate`, `is_active`, `role_id`, `created_at`, `updated_at`) VALUES (16, 'adonis93@example.org', 'Jamal', 'Blanda', '2016-02-25', 0, 5, '1971-05-24 20:52:05', '1982-11-09 04:16:07');
-- INSERT INTO `users` (`id`, `email_address`, `first_name`, `last_name`, `birthdate`, `is_active`, `role_id`, `created_at`, `updated_at`) VALUES (17, 'noemy.steuber@example.com', 'Agustin', 'Hane', '1976-09-20', 0, 1, '1979-10-08 00:17:37', '2009-10-06 02:24:10');
-- INSERT INTO `users` (`id`, `email_address`, `first_name`, `last_name`, `birthdate`, `is_active`, `role_id`, `created_at`, `updated_at`) VALUES (18, 'consuelo74@example.org', 'Tomasa', 'Bartoletti', '1984-06-18', 1, 1, '2005-07-20 01:32:33', '1972-12-04 04:17:43');
-- INSERT INTO `users` (`id`, `email_address`, `first_name`, `last_name`, `birthdate`, `is_active`, `role_id`, `created_at`, `updated_at`) VALUES (19, 'tabitha.emmerich@example.net', 'Keely', 'Dare', '2001-05-08', 0, 3, '1990-03-01 20:38:26', '1970-12-31 18:07:33');
-- INSERT INTO `users` (`id`, `email_address`, `first_name`, `last_name`, `birthdate`, `is_active`, `role_id`, `created_at`, `updated_at`) VALUES (20, 'cstreich@example.net', 'Yadira', 'Murphy', '1982-09-24', 1, 2, '2006-12-02 19:19:04', '1999-10-20 04:31:44');
-- INSERT INTO `users` (`id`, `email_address`, `first_name`, `last_name`, `birthdate`, `is_active`, `role_id`, `created_at`, `updated_at`) VALUES (21, 'hklocko@example.org', 'Garfield', 'Mertz', '1980-07-04', 1, 3, '1975-10-24 11:27:20', '1991-11-26 00:55:43');
-- INSERT INTO `users` (`id`, `email_address`, `first_name`, `last_name`, `birthdate`, `is_active`, `role_id`, `created_at`, `updated_at`) VALUES (22, 'quigley.jany@example.com', 'Joshua', 'Jaskolski', '2005-08-12', 1, 1, '2020-09-25 23:17:03', '1978-05-10 12:37:42');
-- INSERT INTO `users` (`id`, `email_address`, `first_name`, `last_name`, `birthdate`, `is_active`, `role_id`, `created_at`, `updated_at`) VALUES (23, 'oyost@example.org', 'Ardella', 'Parker', '1982-01-15', 1, 2, '1992-01-17 05:25:30', '2014-03-16 05:55:30');
-- INSERT INTO `users` (`id`, `email_address`, `first_name`, `last_name`, `birthdate`, `is_active`, `role_id`, `created_at`, `updated_at`) VALUES (24, 'ivy49@example.org', 'Maximillian', 'Feeney', '1970-01-30', 0, 3, '2015-05-09 10:28:41', '1998-03-01 23:26:05');
-- INSERT INTO `users` (`id`, `email_address`, `first_name`, `last_name`, `birthdate`, `is_active`, `role_id`, `created_at`, `updated_at`) VALUES (25, 'ruecker.frederic@example.org', 'Helga', 'Ritchie', '2011-10-08', 0, 5, '1979-11-05 02:19:51', '2017-11-09 15:36:27');
-- INSERT INTO `users` (`id`, `email_address`, `first_name`, `last_name`, `birthdate`, `is_active`, `role_id`, `created_at`, `updated_at`) VALUES (26, 'jaden24@example.org', 'Antonetta', 'Kuvalis', '1990-10-07', 0, 4, '2017-08-09 16:17:23', '2003-05-11 06:07:34');
-- INSERT INTO `users` (`id`, `email_address`, `first_name`, `last_name`, `birthdate`, `is_active`, `role_id`, `created_at`, `updated_at`) VALUES (27, 'wcummings@example.com', 'Milo', 'Wilderman', '2020-01-25', 0, 1, '2017-12-16 02:18:54', '1981-12-01 13:17:32');
-- INSERT INTO `users` (`id`, `email_address`, `first_name`, `last_name`, `birthdate`, `is_active`, `role_id`, `created_at`, `updated_at`) VALUES (28, 'leffler.eldridge@example.com', 'Tamia', 'Harris', '2006-08-13', 1, 1, '1999-08-03 19:41:15', '2003-01-15 09:32:30');
-- INSERT INTO `users` (`id`, `email_address`, `first_name`, `last_name`, `birthdate`, `is_active`, `role_id`, `created_at`, `updated_at`) VALUES (29, 'bayer.lilliana@example.net', 'Dolly', 'Jaskolski', '2021-11-08', 0, 2, '2020-03-08 15:44:16', '1993-04-23 16:02:19');
-- INSERT INTO `users` (`id`, `email_address`, `first_name`, `last_name`, `birthdate`, `is_active`, `role_id`, `created_at`, `updated_at`) VALUES (30, 'myah.gibson@example.org', 'Rubye', 'Krajcik', '1991-09-27', 1, 1, '1975-04-10 16:50:08', '2022-10-26 12:43:45');
-- INSERT INTO `users` (`id`, `email_address`, `first_name`, `last_name`, `birthdate`, `is_active`, `role_id`, `created_at`, `updated_at`) VALUES (31, 'grady.vincenzo@example.com', 'Efren', 'Leffler', '2012-02-23', 0, 5, '1987-05-13 12:23:48', '1988-10-22 08:05:55');
-- INSERT INTO `users` (`id`, `email_address`, `first_name`, `last_name`, `birthdate`, `is_active`, `role_id`, `created_at`, `updated_at`) VALUES (32, 'mcdermott.giovanny@example.org', 'Albert', 'Friesen', '2002-12-20', 1, 2, '1990-01-10 21:09:51', '2001-03-30 11:34:41');
-- INSERT INTO `users` (`id`, `email_address`, `first_name`, `last_name`, `birthdate`, `is_active`, `role_id`, `created_at`, `updated_at`) VALUES (33, 'wbatz@example.com', 'Imogene', 'Muller', '2008-04-21', 1, 4, '2020-10-09 04:03:23', '2003-05-01 15:35:13');
-- INSERT INTO `users` (`id`, `email_address`, `first_name`, `last_name`, `birthdate`, `is_active`, `role_id`, `created_at`, `updated_at`) VALUES (34, 'klangworth@example.com', 'Tatyana', 'Prohaska', '1992-05-30', 1, 4, '1989-11-29 08:36:10', '2000-07-24 08:12:37');
-- INSERT INTO `users` (`id`, `email_address`, `first_name`, `last_name`, `birthdate`, `is_active`, `role_id`, `created_at`, `updated_at`) VALUES (35, 'berniece39@example.net', 'Raina', 'Abshire', '2019-11-12', 1, 4, '1981-09-09 14:43:35', '1987-10-06 05:07:20');
-- INSERT INTO `users` (`id`, `email_address`, `first_name`, `last_name`, `birthdate`, `is_active`, `role_id`, `created_at`, `updated_at`) VALUES (36, 'arlo.ryan@example.net', 'Antonia', 'Senger', '2016-09-17', 1, 1, '1982-04-07 14:06:22', '1999-12-25 15:09:44');
-- INSERT INTO `users` (`id`, `email_address`, `first_name`, `last_name`, `birthdate`, `is_active`, `role_id`, `created_at`, `updated_at`) VALUES (37, 'rprohaska@example.org', 'Cory', 'Halvorson', '1975-05-24', 0, 3, '1978-06-01 04:05:06', '2009-05-20 23:02:16');
-- INSERT INTO `users` (`id`, `email_address`, `first_name`, `last_name`, `birthdate`, `is_active`, `role_id`, `created_at`, `updated_at`) VALUES (38, 'wwiza@example.net', 'Cassandra', 'Simonis', '1999-02-18', 0, 4, '1980-05-14 19:34:04', '1974-03-14 15:29:33');
-- INSERT INTO `users` (`id`, `email_address`, `first_name`, `last_name`, `birthdate`, `is_active`, `role_id`, `created_at`, `updated_at`) VALUES (39, 'wnicolas@example.net', 'Dejon', 'Lind', '2013-12-07', 1, 1, '1985-08-26 09:26:07', '2005-07-30 23:49:37');
-- INSERT INTO `users` (`id`, `email_address`, `first_name`, `last_name`, `birthdate`, `is_active`, `role_id`, `created_at`, `updated_at`) VALUES (40, 'hilll.stephania@example.com', 'Missouri', 'Larkin', '1995-09-29', 0, 1, '1975-03-26 19:47:28', '1976-11-19 10:26:18');
-- INSERT INTO `users` (`id`, `email_address`, `first_name`, `last_name`, `birthdate`, `is_active`, `role_id`, `created_at`, `updated_at`) VALUES (41, 'nboyer@example.com', 'Elmore', 'Farrell', '1991-12-18', 1, 3, '1991-10-19 20:43:34', '1972-08-01 19:57:17');
-- INSERT INTO `users` (`id`, `email_address`, `first_name`, `last_name`, `birthdate`, `is_active`, `role_id`, `created_at`, `updated_at`) VALUES (42, 'unicolas@example.org', 'Jane', 'Strosin', '1980-08-07', 1, 2, '2014-01-08 02:31:05', '2004-04-28 13:34:59');
-- INSERT INTO `users` (`id`, `email_address`, `first_name`, `last_name`, `birthdate`, `is_active`, `role_id`, `created_at`, `updated_at`) VALUES (43, 'qmarquardt@example.net', 'Elian', 'Gorczany', '2008-07-09', 1, 3, '2004-03-27 00:03:38', '2011-08-02 17:48:02');

-- INSERT INTO `scholarship_providers` (`id`, `provider_name`, `user_id`, `created_at`, `updated_at`) VALUES (1, 'Swift-Runolfsdottir', 22, '2000-11-19 20:39:58', '2007-06-03 06:00:24');
-- INSERT INTO `scholarship_providers` (`id`, `provider_name`, `user_id`, `created_at`, `updated_at`) VALUES (2, 'Douglas PLC', 1, '2017-01-03 16:46:59', '2004-06-06 06:42:20');
-- INSERT INTO `scholarship_providers` (`id`, `provider_name`, `user_id`, `created_at`, `updated_at`) VALUES (3, 'Reinger-Ebert', 3, '2011-01-26 20:59:50', '2019-07-29 04:57:04');
-- INSERT INTO `scholarship_providers` (`id`, `provider_name`, `user_id`, `created_at`, `updated_at`) VALUES (4, 'Hamill-Gislason', 25, '2015-12-22 17:13:33', '1988-07-19 20:05:14');
-- INSERT INTO `scholarship_providers` (`id`, `provider_name`, `user_id`, `created_at`, `updated_at`) VALUES (5, 'Lehner, Effertz and Cummings', 13, '1977-09-14 04:22:55', '2000-08-11 04:52:19');
-- INSERT INTO `scholarship_providers` (`id`, `provider_name`, `user_id`, `created_at`, `updated_at`) VALUES (6, 'Erdman, Mann and Aufderhar', 5, '1977-10-30 15:57:06', '2004-05-10 05:22:07');
-- INSERT INTO `scholarship_providers` (`id`, `provider_name`, `user_id`, `created_at`, `updated_at`) VALUES (7, 'Spinka-Emmerich', 19, '2001-05-19 14:45:14', '2011-01-12 19:50:26');
-- INSERT INTO `scholarship_providers` (`id`, `provider_name`, `user_id`, `created_at`, `updated_at`) VALUES (8, 'Lindgren Group', 14, '2023-05-23 08:59:50', '2007-03-21 05:51:32');
-- INSERT INTO `scholarship_providers` (`id`, `provider_name`, `user_id`, `created_at`, `updated_at`) VALUES (9, 'Bosco Ltd', 21, '2010-02-13 12:00:38', '1995-12-06 18:34:22');
-- INSERT INTO `scholarship_providers` (`id`, `provider_name`, `user_id`, `created_at`, `updated_at`) VALUES (10, 'Ortiz-Rempel', 15, '1992-08-16 19:24:08', '2019-03-19 06:32:39');
-- INSERT INTO `scholarship_providers` (`id`, `provider_name`, `user_id`, `created_at`, `updated_at`) VALUES (11, 'Quigley, Bogisich and Rohan', 24, '2005-08-15 22:24:21', '2012-12-06 07:15:46');
-- INSERT INTO `scholarship_providers` (`id`, `provider_name`, `user_id`, `created_at`, `updated_at`) VALUES (12, 'Adams-Roob', 9, '2002-02-11 02:01:42', '1970-07-15 09:12:40');
-- INSERT INTO `scholarship_providers` (`id`, `provider_name`, `user_id`, `created_at`, `updated_at`) VALUES (13, 'Runolfsson-Abernathy', 6, '1996-08-09 23:37:05', '1990-03-31 16:41:10');
-- INSERT INTO `scholarship_providers` (`id`, `provider_name`, `user_id`, `created_at`, `updated_at`) VALUES (14, 'Paucek-Johns', 2, '2020-02-14 05:33:01', '1970-04-14 09:56:28');
-- INSERT INTO `scholarship_providers` (`id`, `provider_name`, `user_id`, `created_at`, `updated_at`) VALUES (15, 'Bauch Group', 20, '1979-06-25 16:05:24', '1978-07-09 15:25:55');
-- INSERT INTO `scholarship_providers` (`id`, `provider_name`, `user_id`, `created_at`, `updated_at`) VALUES (16, 'Daugherty-Moen', 10, '1976-01-21 08:43:15', '2001-12-11 18:09:31');
-- INSERT INTO `scholarship_providers` (`id`, `provider_name`, `user_id`, `created_at`, `updated_at`) VALUES (17, 'Bayer, Cruickshank and Wyman', 12, '2017-09-18 05:44:27', '1976-09-03 01:25:12');
-- INSERT INTO `scholarship_providers` (`id`, `provider_name`, `user_id`, `created_at`, `updated_at`) VALUES (18, 'Glover, Predovic and Nitzsche', 17, '1985-01-02 02:17:05', '2008-10-07 00:15:24');
-- INSERT INTO `scholarship_providers` (`id`, `provider_name`, `user_id`, `created_at`, `updated_at`) VALUES (19, 'Huels PLC', 23, '2005-02-21 07:49:01', '2014-03-31 13:56:09');
-- INSERT INTO `scholarship_providers` (`id`, `provider_name`, `user_id`, `created_at`, `updated_at`) VALUES (20, 'Keebler LLC', 7, '2016-12-22 06:10:14', '2004-08-21 04:23:20');
-- INSERT INTO `scholarship_providers` (`id`, `provider_name`, `user_id`, `created_at`, `updated_at`) VALUES (21, 'Koelpin, Connell and Wyman', 4, '2006-10-28 22:53:22', '1985-12-19 08:58:56');
-- INSERT INTO `scholarship_providers` (`id`, `provider_name`, `user_id`, `created_at`, `updated_at`) VALUES (22, 'Schneider-Lueilwitz', 26, '1990-02-23 17:50:03', '1997-11-13 22:05:50');
-- INSERT INTO `scholarship_providers` (`id`, `provider_name`, `user_id`, `created_at`, `updated_at`) VALUES (23, 'Mohr and Sons', 27, '2021-12-13 12:20:15', '2019-07-19 02:00:10');
-- INSERT INTO `scholarship_providers` (`id`, `provider_name`, `user_id`, `created_at`, `updated_at`) VALUES (24, 'Cruickshank, Roob and Hodkiewicz', 16, '2005-05-25 19:55:03', '2020-01-05 22:05:53');
-- INSERT INTO `scholarship_providers` (`id`, `provider_name`, `user_id`, `created_at`, `updated_at`) VALUES (25, 'Bednar and Sons', 11, '2011-05-14 23:27:43', '1995-01-19 17:49:54');
-- INSERT INTO `scholarship_providers` (`id`, `provider_name`, `user_id`, `created_at`, `updated_at`) VALUES (26, 'Kling, Lockman and Schamberger', 18, '1996-09-01 20:49:59', '1990-12-18 21:28:16');
-- INSERT INTO `scholarship_providers` (`id`, `provider_name`, `user_id`, `created_at`, `updated_at`) VALUES (27, 'Bode Ltd', 8, '1971-06-03 17:23:23', '1999-06-17 19:17:44');

-- INSERT INTO `scholarship_provider_profiles` (`id`, `scholarship_provider_id`, `provider_type`, `description`, `region_id`, `province_id`, `city_id`, `created_at`, `updated_at`) VALUES (1, 7, 'exercitationem', 'Tenetur atque eum harum deleniti. Aliquam expedita molestiae mollitia ipsum qui nemo quibusdam. Beatae dolor atque non maxime.', 7, 7, 7, '2022-03-07 20:51:15', '1982-11-14 12:31:09');
-- INSERT INTO `scholarship_provider_profiles` (`id`, `scholarship_provider_id`, `provider_type`, `description`, `region_id`, `province_id`, `city_id`, `created_at`, `updated_at`) VALUES (2, 2, 'qui', 'Dolorem maxime dolores maxime deleniti vel magni eos. Aut porro nostrum sed eum est velit sed aut. Ut praesentium autem nesciunt facilis corporis est rerum. Quia a eum amet voluptates inventore.', 2, 2, 2, '2002-09-21 15:13:00', '1979-07-30 10:14:45');
-- INSERT INTO `scholarship_provider_profiles` (`id`, `scholarship_provider_id`, `provider_type`, `description`, `region_id`, `province_id`, `city_id`, `created_at`, `updated_at`) VALUES (3, 4, 'sed', 'Dolor iure quam delectus magni. Vel omnis totam nisi et alias veritatis quo. Iure quod id totam dolor quia vel neque vel.', 4, 4, 4, '1979-06-01 08:11:51', '2012-05-27 09:00:47');
-- INSERT INTO `scholarship_provider_profiles` (`id`, `scholarship_provider_id`, `provider_type`, `description`, `region_id`, `province_id`, `city_id`, `created_at`, `updated_at`) VALUES (4, 24, 'quia', 'Consectetur animi dolorum nesciunt consequatur aut repellat porro voluptates. Autem nam dolorem facilis iste. Inventore asperiores hic voluptatem sit molestiae in eveniet.', 7, 4, 24, '1990-02-15 13:50:21', '2014-01-06 17:35:42');
-- INSERT INTO `scholarship_provider_profiles` (`id`, `scholarship_provider_id`, `provider_type`, `description`, `region_id`, `province_id`, `city_id`, `created_at`, `updated_at`) VALUES (5, 16, 'eos', 'Odit atque totam temporibus harum quibusdam at est. Rerum magni repudiandae cum blanditiis dolores minus. Enim necessitatibus veniam cum voluptatum. Delectus rem est laudantium. Et suscipit sapiente dolor ut.', 16, 16, 16, '2013-07-10 21:15:48', '1981-06-28 01:19:11');
-- INSERT INTO `scholarship_provider_profiles` (`id`, `scholarship_provider_id`, `provider_type`, `description`, `region_id`, `province_id`, `city_id`, `created_at`, `updated_at`) VALUES (6, 6, 'sunt', 'Vel ad ipsum consequuntur quia et deserunt est. Ea dicta neque omnis quia sapiente sit doloribus. Fuga earum excepturi voluptatibus dolorum ut alias. Officiis quo voluptates vitae accusamus iusto.', 6, 6, 6, '2023-09-17 05:35:57', '2022-01-09 15:04:25');
-- INSERT INTO `scholarship_provider_profiles` (`id`, `scholarship_provider_id`, `provider_type`, `description`, `region_id`, `province_id`, `city_id`, `created_at`, `updated_at`) VALUES (7, 1, 'voluptatem', 'Voluptatem aspernatur eaque perferendis et autem. Eos ea occaecati reiciendis incidunt. Repudiandae nisi rerum voluptate sed beatae ea eligendi.', 1, 1, 1, '1971-11-27 03:55:20', '1987-09-01 16:05:20');
-- INSERT INTO `scholarship_provider_profiles` (`id`, `scholarship_provider_id`, `provider_type`, `description`, `region_id`, `province_id`, `city_id`, `created_at`, `updated_at`) VALUES (8, 18, 'et', 'Minus asperiores vitae sit vel. Dolore fuga ut aut eligendi est voluptatibus. Rerum quod et fugiat tenetur sint atque quas. Error rem nam sit qui accusantium dicta necessitatibus incidunt. Molestias reprehenderit veritatis saepe qui.', 1, 18, 18, '1981-08-14 12:01:48', '1976-06-02 08:25:04');
-- INSERT INTO `scholarship_provider_profiles` (`id`, `scholarship_provider_id`, `provider_type`, `description`, `region_id`, `province_id`, `city_id`, `created_at`, `updated_at`) VALUES (9, 8, 'doloribus', 'Est quam consequatur reprehenderit. Et magni totam atque. Rerum debitis placeat error cumque dolorum facere. Tempora perspiciatis non aut aut qui.', 8, 8, 8, '2009-06-11 05:35:10', '2010-01-12 20:36:29');
-- INSERT INTO `scholarship_provider_profiles` (`id`, `scholarship_provider_id`, `provider_type`, `description`, `region_id`, `province_id`, `city_id`, `created_at`, `updated_at`) VALUES (10, 17, 'cupiditate', 'Aut id ut sed occaecati ipsum qui. Delectus et veritatis nam sed aspernatur. Ut consequuntur perferendis corporis autem neque laudantium qui. Explicabo rem iste ea est quos velit est.', 17, 17, 17, '1983-01-25 15:56:07', '1998-02-03 11:16:54');
-- INSERT INTO `scholarship_provider_profiles` (`id`, `scholarship_provider_id`, `provider_type`, `description`, `region_id`, `province_id`, `city_id`, `created_at`, `updated_at`) VALUES (11, 9, 'quo', 'Dolore ut omnis a commodi optio officia. Nihil distinctio minima ut blanditiis vitae sit aspernatur. Voluptatem earum dolorem fuga reiciendis. Magni recusandae distinctio enim velit ad.', 9, 9, 9, '1998-08-13 01:13:00', '1984-05-30 09:17:25');
-- INSERT INTO `scholarship_provider_profiles` (`id`, `scholarship_provider_id`, `provider_type`, `description`, `region_id`, `province_id`, `city_id`, `created_at`, `updated_at`) VALUES (12, 25, 'qui', 'Dolores dolore ut vel dolore. Quos iste perspiciatis porro id nemo quo. Vero voluptatem dignissimos ad explicabo in nulla voluptatem. Perferendis fugiat ratione quisquam itaque.', 8, 5, 25, '2008-04-18 21:01:47', '2007-05-30 06:55:43');
-- INSERT INTO `scholarship_provider_profiles` (`id`, `scholarship_provider_id`, `provider_type`, `description`, `region_id`, `province_id`, `city_id`, `created_at`, `updated_at`) VALUES (13, 27, 'sunt', 'Sit quod dolor saepe magni sunt. Nulla a optio nulla quam voluptas omnis. Est ut eum minima. Aut molestiae vitae et explicabo ratione.', 10, 7, 27, '1984-06-27 23:16:46', '1977-07-22 12:14:38');
-- INSERT INTO `scholarship_provider_profiles` (`id`, `scholarship_provider_id`, `provider_type`, `description`, `region_id`, `province_id`, `city_id`, `created_at`, `updated_at`) VALUES (14, 22, 'dolorum', 'Et fugit fugit non id quos accusamus. Inventore sed fugit debitis aut. Quod aperiam modi atque voluptatem ut atque. Sunt minus optio provident tempore perferendis.', 5, 2, 22, '1978-02-19 08:32:06', '2022-01-15 07:10:22');
-- INSERT INTO `scholarship_provider_profiles` (`id`, `scholarship_provider_id`, `provider_type`, `description`, `region_id`, `province_id`, `city_id`, `created_at`, `updated_at`) VALUES (15, 5, 'ut', 'Neque nostrum sit dolore. Aspernatur eius non aut et. Fuga ex dignissimos temporibus assumenda dolores amet quos. Saepe aut distinctio molestiae ea.', 5, 5, 5, '1991-11-12 16:34:00', '1986-09-21 04:57:10');
-- INSERT INTO `scholarship_provider_profiles` (`id`, `scholarship_provider_id`, `provider_type`, `description`, `region_id`, `province_id`, `city_id`, `created_at`, `updated_at`) VALUES (16, 10, 'quis', 'Corrupti qui eligendi natus autem. Dolores id rerum deserunt numquam eaque.', 10, 10, 10, '1979-07-13 19:50:41', '1980-03-27 19:39:34');
-- INSERT INTO `scholarship_provider_profiles` (`id`, `scholarship_provider_id`, `provider_type`, `description`, `region_id`, `province_id`, `city_id`, `created_at`, `updated_at`) VALUES (17, 12, 'quia', 'Nobis nihil quos architecto adipisci. Non qui nulla et sed molestias. Ullam animi pariatur impedit totam rem vero.', 12, 12, 12, '2005-11-18 12:14:18', '2001-02-13 16:01:30');
-- INSERT INTO `scholarship_provider_profiles` (`id`, `scholarship_provider_id`, `provider_type`, `description`, `region_id`, `province_id`, `city_id`, `created_at`, `updated_at`) VALUES (18, 19, 'repudiandae', 'Dolorem est excepturi similique illum impedit magni. Inventore tenetur ut ipsa totam rerum. Ut consequuntur mollitia consequuntur eum quasi minus. Quam distinctio sit fugiat assumenda beatae at.', 2, 19, 19, '1972-04-28 23:14:09', '1997-01-02 12:49:54');
-- INSERT INTO `scholarship_provider_profiles` (`id`, `scholarship_provider_id`, `provider_type`, `description`, `region_id`, `province_id`, `city_id`, `created_at`, `updated_at`) VALUES (19, 13, 'quidem', 'Et in libero magnam fugit. Non voluptas non quia nam aut. Hic sunt voluptatem cumque odit impedit dolor aut est. Adipisci est et at sed.', 13, 13, 13, '1995-02-18 10:36:46', '1991-02-21 22:34:22');
-- INSERT INTO `scholarship_provider_profiles` (`id`, `scholarship_provider_id`, `provider_type`, `description`, `region_id`, `province_id`, `city_id`, `created_at`, `updated_at`) VALUES (20, 26, 'sed', 'Tenetur necessitatibus ea eum corrupti nostrum. Quibusdam iusto sunt asperiores distinctio quam voluptatem. Beatae non unde consequatur facilis ullam.', 9, 6, 26, '1989-04-15 02:06:33', '2017-11-01 07:52:23');
-- INSERT INTO `scholarship_provider_profiles` (`id`, `scholarship_provider_id`, `provider_type`, `description`, `region_id`, `province_id`, `city_id`, `created_at`, `updated_at`) VALUES (21, 3, 'quidem', 'Accusantium eaque ullam architecto totam. Et nesciunt odio molestiae molestias deserunt et nihil. Omnis dolore dicta eos sunt eius.', 3, 3, 3, '1981-05-12 07:05:53', '1999-07-05 05:21:18');
-- INSERT INTO `scholarship_provider_profiles` (`id`, `scholarship_provider_id`, `provider_type`, `description`, `region_id`, `province_id`, `city_id`, `created_at`, `updated_at`) VALUES (22, 15, 'corporis', 'Provident voluptatum voluptas est. Illo molestiae et sequi eius qui.', 15, 15, 15, '2008-11-28 04:35:48', '1976-01-29 08:23:59');
-- INSERT INTO `scholarship_provider_profiles` (`id`, `scholarship_provider_id`, `provider_type`, `description`, `region_id`, `province_id`, `city_id`, `created_at`, `updated_at`) VALUES (23, 21, 'quod', 'Dolores molestias ut et a illo magnam voluptas. Praesentium suscipit nisi et quis possimus. Ut qui neque iste vel ducimus ipsam repellendus. Iste odit autem quae maxime.', 4, 1, 21, '1986-07-14 10:55:22', '1988-12-18 14:54:50');
-- INSERT INTO `scholarship_provider_profiles` (`id`, `scholarship_provider_id`, `provider_type`, `description`, `region_id`, `province_id`, `city_id`, `created_at`, `updated_at`) VALUES (24, 20, 'autem', 'Officia voluptatum quam qui officiis rerum. Ea fugiat et reprehenderit quae rem ea qui. Delectus perferendis sit nesciunt consectetur rerum enim eos.', 3, 20, 20, '1984-02-08 21:25:11', '2013-08-05 18:09:24');
-- INSERT INTO `scholarship_provider_profiles` (`id`, `scholarship_provider_id`, `provider_type`, `description`, `region_id`, `province_id`, `city_id`, `created_at`, `updated_at`) VALUES (25, 14, 'rerum', 'Aliquam et quos tempora at veritatis quo harum quia. Atque dolor deleniti quia molestiae harum. Unde qui odit laborum et qui veniam. Voluptatibus libero minima quos consectetur inventore beatae vel et.', 14, 14, 14, '1992-08-11 16:53:18', '1973-05-24 02:50:46');
-- INSERT INTO `scholarship_provider_profiles` (`id`, `scholarship_provider_id`, `provider_type`, `description`, `region_id`, `province_id`, `city_id`, `created_at`, `updated_at`) VALUES (26, 11, 'quo', 'Rerum iusto debitis non quia. Soluta amet animi exercitationem illum at temporibus. Mollitia vel est voluptate vitae iure molestiae. Delectus eos a distinctio eum.', 11, 11, 11, '1980-05-23 14:33:02', '2007-11-13 08:04:24');
-- INSERT INTO `scholarship_provider_profiles` (`id`, `scholarship_provider_id`, `provider_type`, `description`, `region_id`, `province_id`, `city_id`, `created_at`, `updated_at`) VALUES (27, 23, 'doloribus', 'Aut accusantium beatae voluptas voluptatem. Et sit qui assumenda et voluptatibus in est. Qui voluptatem asperiores libero ab.', 6, 3, 23, '2023-04-04 06:42:10', '2020-04-21 19:25:39');

INSERT INTO `scholarship_types` (`id`, `scholarship_type_name`) VALUES (1, 'Merit-based');
INSERT INTO `scholarship_types` (`id`, `scholarship_type_name`) VALUES (2, 'Financial-based');
INSERT INTO `scholarship_types` (`id`, `scholarship_type_name`) VALUES (3, 'Demographic-based');
INSERT INTO `scholarship_types` (`id`, `scholarship_type_name`) VALUES (4, 'Industry-based');
INSERT INTO `scholarship_types` (`id`, `scholarship_type_name`) VALUES (5, 'Field of study');
INSERT INTO `scholarship_types` (`id`, `scholarship_type_name`) VALUES (6, 'Athletic');
INSERT INTO `scholarship_types` (`id`, `scholarship_type_name`) VALUES (7, 'Artistic');

-- INSERT INTO `scholarships` (`id`, `scholarship_name`, `start_date`, `due_date`, `application_link`, `school_year`, `scholarship_provider_id`, `requirement_id`, `eligibility_id`, `scholarship_type_id`, `created_at`, `updated_at`) VALUES (1, 'Multi-layered motivating pricingstructure', '2011-01-15 15:59:43', '1994-05-06 01:03:15', 'http://spinka.com/', '2003', 16, 16, 16, 4, '2014-07-01 17:24:37', '1976-10-05 00:18:41');
-- INSERT INTO `scholarships` (`id`, `scholarship_name`, `start_date`, `due_date`, `application_link`, `school_year`, `scholarship_provider_id`, `requirement_id`, `eligibility_id`, `scholarship_type_id`, `created_at`, `updated_at`) VALUES (2, 'Balanced multimedia standardization', '1985-10-04 16:41:16', '2022-04-15 08:23:18', 'http://www.russel.com/', '2017', 25, 25, 25, 1, '1979-04-02 01:47:53', '1987-02-12 07:43:08');
-- INSERT INTO `scholarships` (`id`, `scholarship_name`, `start_date`, `due_date`, `application_link`, `school_year`, `scholarship_provider_id`, `requirement_id`, `eligibility_id`, `scholarship_type_id`, `created_at`, `updated_at`) VALUES (3, 'Fully-configurable national software', '1996-12-22 23:23:55', '2014-03-02 09:00:28', 'http://bruenhoeger.net/', '1998', 4, 4, 4, 4, '1979-04-19 18:10:25', '2002-01-17 00:12:26');
-- INSERT INTO `scholarships` (`id`, `scholarship_name`, `start_date`, `due_date`, `application_link`, `school_year`, `scholarship_provider_id`, `requirement_id`, `eligibility_id`, `scholarship_type_id`, `created_at`, `updated_at`) VALUES (4, 'Ergonomic human-resource budgetarymanagement', '1983-08-28 09:31:01', '1979-04-06 23:31:35', 'http://gloverzemlak.com/', '2021', 17, 17, 17, 1, '2004-12-18 18:05:01', '1970-07-18 18:06:33');
-- INSERT INTO `scholarships` (`id`, `scholarship_name`, `start_date`, `due_date`, `application_link`, `school_year`, `scholarship_provider_id`, `requirement_id`, `eligibility_id`, `scholarship_type_id`, `created_at`, `updated_at`) VALUES (5, 'Cross-platform intangible budgetarymanagement', '1988-10-07 23:26:18', '2007-11-29 18:57:08', 'http://murazik.com/', '1976', 8, 8, 8, 4, '2023-08-09 16:27:44', '1976-04-05 17:17:09');
-- INSERT INTO `scholarships` (`id`, `scholarship_name`, `start_date`, `due_date`, `application_link`, `school_year`, `scholarship_provider_id`, `requirement_id`, `eligibility_id`, `scholarship_type_id`, `created_at`, `updated_at`) VALUES (6, 'Enhanced content-based orchestration', '1992-01-31 19:35:09', '1987-06-03 02:24:33', 'http://schowalter.biz/', '2004', 3, 3, 3, 3, '1978-11-30 14:46:35', '1976-03-15 16:46:26');
-- INSERT INTO `scholarships` (`id`, `scholarship_name`, `start_date`, `due_date`, `application_link`, `school_year`, `scholarship_provider_id`, `requirement_id`, `eligibility_id`, `scholarship_type_id`, `created_at`, `updated_at`) VALUES (7, 'Total responsive project', '1976-11-04 12:57:18', '1990-12-19 06:53:08', 'http://skiles.com/', '1995', 2, 2, 2, 2, '1978-09-10 03:01:58', '1974-10-02 11:19:35');
-- INSERT INTO `scholarships` (`id`, `scholarship_name`, `start_date`, `due_date`, `application_link`, `school_year`, `scholarship_provider_id`, `requirement_id`, `eligibility_id`, `scholarship_type_id`, `created_at`, `updated_at`) VALUES (8, 'Mandatory user-facing contingency', '1993-08-09 20:18:03', '1997-10-31 15:57:07', 'http://www.altenwerth.net/', '1990', 7, 7, 7, 3, '2006-04-03 01:52:29', '1989-11-05 09:30:20');
-- INSERT INTO `scholarships` (`id`, `scholarship_name`, `start_date`, `due_date`, `application_link`, `school_year`, `scholarship_provider_id`, `requirement_id`, `eligibility_id`, `scholarship_type_id`, `created_at`, `updated_at`) VALUES (9, 'Integrated dedicated structure', '1979-06-23 01:40:24', '1981-03-15 05:07:57', 'http://www.wilkinsonabernathy.com/', '2018', 11, 11, 11, 3, '1993-06-19 06:17:13', '2013-10-20 23:55:34');
-- INSERT INTO `scholarships` (`id`, `scholarship_name`, `start_date`, `due_date`, `application_link`, `school_year`, `scholarship_provider_id`, `requirement_id`, `eligibility_id`, `scholarship_type_id`, `created_at`, `updated_at`) VALUES (10, 'Phased optimizing capability', '1981-07-29 15:25:56', '1970-07-22 21:29:01', 'http://eichmannroob.com/', '1995', 5, 5, 5, 1, '2003-10-18 00:51:17', '2012-04-30 03:37:35');
-- INSERT INTO `scholarships` (`id`, `scholarship_name`, `start_date`, `due_date`, `application_link`, `school_year`, `scholarship_provider_id`, `requirement_id`, `eligibility_id`, `scholarship_type_id`, `created_at`, `updated_at`) VALUES (11, 'Seamless homogeneous systemengine', '1991-06-09 06:35:38', '1990-12-23 08:47:59', 'http://www.prosaccobradtke.biz/', '1975', 19, 19, 19, 3, '1980-09-01 09:37:41', '1992-11-16 11:50:38');
-- INSERT INTO `scholarships` (`id`, `scholarship_name`, `start_date`, `due_date`, `application_link`, `school_year`, `scholarship_provider_id`, `requirement_id`, `eligibility_id`, `scholarship_type_id`, `created_at`, `updated_at`) VALUES (12, 'Pre-emptive value-added website', '1986-04-02 06:56:38', '1973-08-04 23:45:24', 'http://oconnerpfannerstill.org/', '2007', 24, 24, 24, 4, '1992-02-08 02:47:08', '1975-08-11 14:00:35');
-- INSERT INTO `scholarships` (`id`, `scholarship_name`, `start_date`, `due_date`, `application_link`, `school_year`, `scholarship_provider_id`, `requirement_id`, `eligibility_id`, `scholarship_type_id`, `created_at`, `updated_at`) VALUES (13, 'Phased demand-driven encryption', '1990-10-08 03:13:31', '1997-07-06 06:53:44', 'http://dietrichwatsica.com/', '1982', 12, 12, 12, 4, '2003-09-09 08:55:03', '2004-12-15 13:19:39');
-- INSERT INTO `scholarships` (`id`, `scholarship_name`, `start_date`, `due_date`, `application_link`, `school_year`, `scholarship_provider_id`, `requirement_id`, `eligibility_id`, `scholarship_type_id`, `created_at`, `updated_at`) VALUES (14, 'Up-sized clear-thinking GraphicalUserInterface', '1992-12-25 23:51:42', '2001-11-10 01:55:55', 'http://www.jones.net/', '1998', 26, 26, 26, 2, '2007-04-23 19:43:39', '2005-01-19 13:14:21');
-- INSERT INTO `scholarships` (`id`, `scholarship_name`, `start_date`, `due_date`, `application_link`, `school_year`, `scholarship_provider_id`, `requirement_id`, `eligibility_id`, `scholarship_type_id`, `created_at`, `updated_at`) VALUES (15, 'Fundamental analyzing localareanetwork', '1982-03-02 16:42:48', '1974-08-06 15:57:40', 'http://www.hirthe.org/', '2017', 1, 1, 1, 1, '1994-06-01 15:16:23', '2015-01-09 08:33:30');
-- INSERT INTO `scholarships` (`id`, `scholarship_name`, `start_date`, `due_date`, `application_link`, `school_year`, `scholarship_provider_id`, `requirement_id`, `eligibility_id`, `scholarship_type_id`, `created_at`, `updated_at`) VALUES (16, 'Adaptive multi-tasking benchmark', '1970-01-26 11:10:15', '2005-09-25 14:41:12', 'http://graham.biz/', '1985', 6, 6, 6, 2, '2008-07-06 21:48:59', '1996-12-03 07:20:22');
-- INSERT INTO `scholarships` (`id`, `scholarship_name`, `start_date`, `due_date`, `application_link`, `school_year`, `scholarship_provider_id`, `requirement_id`, `eligibility_id`, `scholarship_type_id`, `created_at`, `updated_at`) VALUES (17, 'Synergized directional application', '1985-11-07 20:06:28', '1983-11-01 07:10:36', 'http://ondricka.net/', '2013', 1, 28, 28, 4, '1991-07-10 16:39:36', '2016-11-17 02:08:04');
-- INSERT INTO `scholarships` (`id`, `scholarship_name`, `start_date`, `due_date`, `application_link`, `school_year`, `scholarship_provider_id`, `requirement_id`, `eligibility_id`, `scholarship_type_id`, `created_at`, `updated_at`) VALUES (18, 'Proactive incremental encoding', '2014-11-26 01:51:51', '2014-03-12 01:49:36', 'http://www.schroeder.com/', '2008', 20, 20, 20, 4, '2020-05-06 03:32:36', '2001-05-31 07:28:42');
-- INSERT INTO `scholarships` (`id`, `scholarship_name`, `start_date`, `due_date`, `application_link`, `school_year`, `scholarship_provider_id`, `requirement_id`, `eligibility_id`, `scholarship_type_id`, `created_at`, `updated_at`) VALUES (19, 'Proactive background structure', '1980-01-31 16:47:29', '2013-08-24 21:04:39', 'http://www.altenwerth.net/', '1985', 9, 9, 9, 1, '2005-12-30 19:18:42', '1975-02-23 14:09:21');
-- INSERT INTO `scholarships` (`id`, `scholarship_name`, `start_date`, `due_date`, `application_link`, `school_year`, `scholarship_provider_id`, `requirement_id`, `eligibility_id`, `scholarship_type_id`, `created_at`, `updated_at`) VALUES (21, 'Polarised composite utilisation', '2021-06-19 19:02:52', '1978-06-11 23:36:58', 'http://ferry.com/', '1994', 22, 22, 22, 2, '2012-06-20 15:01:43', '2003-02-28 07:47:55');
-- INSERT INTO `scholarships` (`id`, `scholarship_name`, `start_date`, `due_date`, `application_link`, `school_year`, `scholarship_provider_id`, `requirement_id`, `eligibility_id`, `scholarship_type_id`, `created_at`, `updated_at`) VALUES (22, 'Devolved 3rdgeneration knowledgeuser', '2014-04-15 05:47:24', '1979-06-06 06:00:09', 'http://www.dicki.org/', '2014', 10, 10, 10, 2, '2000-05-07 23:54:19', '2014-05-23 22:22:15');
-- INSERT INTO `scholarships` (`id`, `scholarship_name`, `start_date`, `due_date`, `application_link`, `school_year`, `scholarship_provider_id`, `requirement_id`, `eligibility_id`, `scholarship_type_id`, `created_at`, `updated_at`) VALUES (23, 'Public-key multimedia middleware', '1992-03-14 10:43:53', '1989-05-27 16:31:18', 'http://brekke.com/', '2005', 2, 29, 29, 1, '1988-12-01 10:15:51', '2000-11-11 21:14:52');
-- INSERT INTO `scholarships` (`id`, `scholarship_name`, `start_date`, `due_date`, `application_link`, `school_year`, `scholarship_provider_id`, `requirement_id`, `eligibility_id`, `scholarship_type_id`, `created_at`, `updated_at`) VALUES (24, 'De-engineered tertiary model', '1977-06-09 15:16:27', '1970-10-11 20:00:52', 'http://www.kundekuvalis.com/', '2009', 21, 21, 21, 1, '2008-03-10 00:38:39', '2017-09-23 04:37:41');
-- INSERT INTO `scholarships` (`id`, `scholarship_name`, `start_date`, `due_date`, `application_link`, `school_year`, `scholarship_provider_id`, `requirement_id`, `eligibility_id`, `scholarship_type_id`, `created_at`, `updated_at`) VALUES (25, 'Distributed scalable website', '1993-11-24 07:12:49', '2018-07-21 23:41:17', 'http://www.padberg.biz/', '2004', 15, 15, 15, 3, '2013-02-27 15:38:23', '2004-03-06 02:15:25');
-- INSERT INTO `scholarships` (`id`, `scholarship_name`, `start_date`, `due_date`, `application_link`, `school_year`, `scholarship_provider_id`, `requirement_id`, `eligibility_id`, `scholarship_type_id`, `created_at`, `updated_at`) VALUES (26, 'Horizontal contextually-based hub', '2008-09-20 05:26:11', '2008-11-01 08:09:58', 'http://www.erdman.org/', '1988', 14, 14, 14, 2, '2000-09-07 03:09:28', '1972-07-01 01:23:11');
-- INSERT INTO `scholarships` (`id`, `scholarship_name`, `start_date`, `due_date`, `application_link`, `school_year`, `scholarship_provider_id`, `requirement_id`, `eligibility_id`, `scholarship_type_id`, `created_at`, `updated_at`) VALUES (27, 'Re-contextualized object-oriented migration', '1973-08-01 08:38:31', '1996-03-12 21:27:53', 'http://oconnellweissnat.com/', '1999', 13, 13, 13, 1, '1974-05-04 13:52:19', '2005-02-23 09:16:11');
-- INSERT INTO `scholarships` (`id`, `scholarship_name`, `start_date`, `due_date`, `application_link`, `school_year`, `scholarship_provider_id`, `requirement_id`, `eligibility_id`, `scholarship_type_id`, `created_at`, `updated_at`) VALUES (28, 'Versatile content-based website', '1993-09-21 23:49:40', '1999-06-13 05:25:08', 'http://wuckertlarkin.biz/', '1989', 23, 23, 23, 3, '2016-02-24 19:59:07', '2014-05-13 06:51:00');
-- INSERT INTO `scholarships` (`id`, `scholarship_name`, `start_date`, `due_date`, `application_link`, `school_year`, `scholarship_provider_id`, `requirement_id`, `eligibility_id`, `scholarship_type_id`, `created_at`, `updated_at`) VALUES (29, 'Ergonomic optimal intranet', '1979-12-12 16:50:30', '1999-05-22 13:53:27', 'http://terryparisian.com/', '2005', 18, 18, 18, 2, '2020-11-27 19:35:57', '2009-04-02 19:26:21');
-- INSERT INTO `scholarships` (`id`, `scholarship_name`, `start_date`, `due_date`, `application_link`, `school_year`, `scholarship_provider_id`, `requirement_id`, `eligibility_id`, `scholarship_type_id`, `created_at`, `updated_at`) VALUES (30, 'Seamless bi-directional customerloyalty', '1984-04-11 22:55:21', '2013-09-27 06:29:59', 'http://keelingdibbert.com/', '1977', 27, 27, 27, 3, '2021-06-26 12:43:35', '1981-01-06 12:24:39');

-- INSERT INTO `scholarship_benefits` (`id`, `scholarship_id`, `benefit_id`, `created_at`, `updated_at`) VALUES (1, 22, 8, '1970-11-13 01:30:01', '2005-05-12 14:37:24');
-- INSERT INTO `scholarship_benefits` (`id`, `scholarship_id`, `benefit_id`, `created_at`, `updated_at`) VALUES (2, 11, 11, '2018-06-23 07:35:46', '2008-11-26 03:13:44');
-- INSERT INTO `scholarship_benefits` (`id`, `scholarship_id`, `benefit_id`, `created_at`, `updated_at`) VALUES (3, 2, 2, '1997-01-27 16:43:56', '1974-12-08 01:14:00');
-- INSERT INTO `scholarship_benefits` (`id`, `scholarship_id`, `benefit_id`, `created_at`, `updated_at`) VALUES (4, 23, 9, '1987-07-04 15:44:36', '1970-04-26 18:20:29');
-- INSERT INTO `scholarship_benefits` (`id`, `scholarship_id`, `benefit_id`, `created_at`, `updated_at`) VALUES (5, 9, 9, '1988-07-18 11:05:19', '1993-11-15 12:27:08');
-- INSERT INTO `scholarship_benefits` (`id`, `scholarship_id`, `benefit_id`, `created_at`, `updated_at`) VALUES (6, 27, 13, '1994-10-17 07:19:59', '2007-04-06 04:30:17');
-- INSERT INTO `scholarship_benefits` (`id`, `scholarship_id`, `benefit_id`, `created_at`, `updated_at`) VALUES (7, 30, 3, '2016-11-22 04:54:52', '1970-12-07 04:22:47');
-- INSERT INTO `scholarship_benefits` (`id`, `scholarship_id`, `benefit_id`, `created_at`, `updated_at`) VALUES (8, 19, 6, '1993-07-06 07:31:13', '1997-11-15 01:35:10');
-- INSERT INTO `scholarship_benefits` (`id`, `scholarship_id`, `benefit_id`, `created_at`, `updated_at`) VALUES (9, 14, 1, '1998-07-24 10:48:45', '1995-02-10 18:57:04');
-- INSERT INTO `scholarship_benefits` (`id`, `scholarship_id`, `benefit_id`, `created_at`, `updated_at`) VALUES (10, 13, 13, '2007-08-29 15:50:58', '1985-11-26 12:10:40');
-- INSERT INTO `scholarship_benefits` (`id`, `scholarship_id`, `benefit_id`, `created_at`, `updated_at`) VALUES (11, 15, 2, '1977-12-17 06:53:54', '2020-04-10 09:10:58');
-- INSERT INTO `scholarship_benefits` (`id`, `scholarship_id`, `benefit_id`, `created_at`, `updated_at`) VALUES (12, 18, 5, '2015-07-28 23:59:01', '2013-05-12 02:01:24');
-- INSERT INTO `scholarship_benefits` (`id`, `scholarship_id`, `benefit_id`, `created_at`, `updated_at`) VALUES (13, 6, 6, '1971-12-07 17:34:31', '2006-03-22 16:39:28');
-- INSERT INTO `scholarship_benefits` (`id`, `scholarship_id`, `benefit_id`, `created_at`, `updated_at`) VALUES (14, 5, 5, '1971-11-06 02:18:54', '1973-12-02 21:07:15');
-- INSERT INTO `scholarship_benefits` (`id`, `scholarship_id`, `benefit_id`, `created_at`, `updated_at`) VALUES (15, 3, 3, '1977-01-22 04:00:40', '1978-12-29 05:06:52');
-- INSERT INTO `scholarship_benefits` (`id`, `scholarship_id`, `benefit_id`, `created_at`, `updated_at`) VALUES (16, 7, 7, '2008-01-16 07:56:10', '1973-05-17 23:23:40');
-- INSERT INTO `scholarship_benefits` (`id`, `scholarship_id`, `benefit_id`, `created_at`, `updated_at`) VALUES (17, 24, 10, '1983-03-22 10:47:05', '2018-10-10 10:46:48');
-- INSERT INTO `scholarship_benefits` (`id`, `scholarship_id`, `benefit_id`, `created_at`, `updated_at`) VALUES (18, 1, 1, '2015-10-02 23:55:55', '2006-04-14 19:44:33');
-- INSERT INTO `scholarship_benefits` (`id`, `scholarship_id`, `benefit_id`, `created_at`, `updated_at`) VALUES (19, 12, 12, '1999-01-11 00:59:22', '1994-01-12 09:08:10');
-- INSERT INTO `scholarship_benefits` (`id`, `scholarship_id`, `benefit_id`, `created_at`, `updated_at`) VALUES (20, 10, 10, '1986-06-14 01:07:10', '2017-12-24 00:43:09');
-- INSERT INTO `scholarship_benefits` (`id`, `scholarship_id`, `benefit_id`, `created_at`, `updated_at`) VALUES (21, 28, 1, '1972-09-29 07:25:24', '1976-02-06 14:06:56');
-- INSERT INTO `scholarship_benefits` (`id`, `scholarship_id`, `benefit_id`, `created_at`, `updated_at`) VALUES (22, 29, 2, '1984-04-08 22:25:28', '1980-10-16 15:37:55');
-- INSERT INTO `scholarship_benefits` (`id`, `scholarship_id`, `benefit_id`, `created_at`, `updated_at`) VALUES (23, 8, 8, '1974-08-04 01:03:19', '2016-09-09 14:26:14');
-- INSERT INTO `scholarship_benefits` (`id`, `scholarship_id`, `benefit_id`, `created_at`, `updated_at`) VALUES (24, 17, 4, '1990-09-05 14:39:31', '2014-06-02 02:31:35');
-- INSERT INTO `scholarship_benefits` (`id`, `scholarship_id`, `benefit_id`, `created_at`, `updated_at`) VALUES (25, 25, 11, '1978-08-07 22:15:31', '2019-02-18 09:31:08');
-- INSERT INTO `scholarship_benefits` (`id`, `scholarship_id`, `benefit_id`, `created_at`, `updated_at`) VALUES (26, 21, 7, '1981-03-20 04:22:07', '2002-06-04 23:38:33');
-- INSERT INTO `scholarship_benefits` (`id`, `scholarship_id`, `benefit_id`, `created_at`, `updated_at`) VALUES (27, 4, 4, '1975-07-26 12:47:21', '1995-07-09 05:00:37');
-- INSERT INTO `scholarship_benefits` (`id`, `scholarship_id`, `benefit_id`, `created_at`, `updated_at`) VALUES (28, 16, 3, '1974-09-15 16:38:06', '1972-05-04 00:50:10');
-- INSERT INTO `scholarship_benefits` (`id`, `scholarship_id`, `benefit_id`, `created_at`, `updated_at`) VALUES (29, 26, 12, '1983-05-06 23:49:29', '2004-05-27 15:52:04');

INSERT INTO `schools` (`id`, `school_name`, `region_id`, `province_id`, `city_id`, `created_at`, `updated_at`) VALUES (1, 'Group', 2, 19, 19, '1980-12-31 11:38:02', '2013-04-10 02:09:17');
INSERT INTO `schools` (`id`, `school_name`, `region_id`, `province_id`, `city_id`, `created_at`, `updated_at`) VALUES (2, 'and Sons', 14, 14, 14, '1995-02-28 17:26:33', '2014-12-10 18:41:40');
INSERT INTO `schools` (`id`, `school_name`, `region_id`, `province_id`, `city_id`, `created_at`, `updated_at`) VALUES (3, 'PLC', 1, 1, 1, '2014-11-05 20:08:23', '2005-05-17 17:03:16');
INSERT INTO `schools` (`id`, `school_name`, `region_id`, `province_id`, `city_id`, `created_at`, `updated_at`) VALUES (4, 'LLC', 7, 7, 7, '1979-01-06 02:32:01', '1993-07-27 23:38:20');
INSERT INTO `schools` (`id`, `school_name`, `region_id`, `province_id`, `city_id`, `created_at`, `updated_at`) VALUES (5, 'Ltd', 4, 4, 4, '1994-02-23 05:35:17', '2018-06-30 02:02:43');
INSERT INTO `schools` (`id`, `school_name`, `region_id`, `province_id`, `city_id`, `created_at`, `updated_at`) VALUES (6, 'PLC', 11, 8, 28, '1994-06-01 13:00:27', '1985-11-28 23:58:42');
INSERT INTO `schools` (`id`, `school_name`, `region_id`, `province_id`, `city_id`, `created_at`, `updated_at`) VALUES (7, 'PLC', 8, 5, 25, '1983-07-20 18:07:51', '2010-01-19 12:26:20');
INSERT INTO `schools` (`id`, `school_name`, `region_id`, `province_id`, `city_id`, `created_at`, `updated_at`) VALUES (8, 'Ltd', 13, 10, 30, '1993-06-03 00:34:30', '2003-10-01 03:34:51');
INSERT INTO `schools` (`id`, `school_name`, `region_id`, `province_id`, `city_id`, `created_at`, `updated_at`) VALUES (9, 'LLC', 1, 15, 35, '1995-07-23 19:07:47', '2015-03-13 16:08:27');
INSERT INTO `schools` (`id`, `school_name`, `region_id`, `province_id`, `city_id`, `created_at`, `updated_at`) VALUES (10, 'and Sons', 8, 8, 8, '1982-07-29 12:52:49', '1991-07-13 02:19:47');
INSERT INTO `schools` (`id`, `school_name`, `region_id`, `province_id`, `city_id`, `created_at`, `updated_at`) VALUES (11, 'PLC', 13, 13, 13, '2012-12-06 19:05:42', '1974-06-03 19:04:51');
INSERT INTO `schools` (`id`, `school_name`, `region_id`, `province_id`, `city_id`, `created_at`, `updated_at`) VALUES (12, 'Group', 17, 14, 34, '2004-03-06 10:54:33', '1996-01-12 14:05:13');
INSERT INTO `schools` (`id`, `school_name`, `region_id`, `province_id`, `city_id`, `created_at`, `updated_at`) VALUES (13, 'Group', 5, 2, 22, '1984-11-25 14:25:40', '2016-10-22 10:24:13');
INSERT INTO `schools` (`id`, `school_name`, `region_id`, `province_id`, `city_id`, `created_at`, `updated_at`) VALUES (14, 'PLC', 10, 7, 27, '2019-09-23 05:15:42', '2005-08-18 06:40:53');
INSERT INTO `schools` (`id`, `school_name`, `region_id`, `province_id`, `city_id`, `created_at`, `updated_at`) VALUES (15, 'Group', 6, 3, 23, '1984-09-13 12:27:00', '1994-07-17 11:06:39');
INSERT INTO `schools` (`id`, `school_name`, `region_id`, `province_id`, `city_id`, `created_at`, `updated_at`) VALUES (16, 'LLC', 10, 10, 10, '1973-07-09 04:28:01', '2001-01-19 23:16:56');
INSERT INTO `schools` (`id`, `school_name`, `region_id`, `province_id`, `city_id`, `created_at`, `updated_at`) VALUES (17, 'PLC', 3, 20, 20, '1971-01-24 23:56:13', '2003-08-28 03:37:19');
INSERT INTO `schools` (`id`, `school_name`, `region_id`, `province_id`, `city_id`, `created_at`, `updated_at`) VALUES (18, 'Ltd', 5, 5, 5, '2003-05-06 00:46:04', '1972-01-24 14:55:48');
INSERT INTO `schools` (`id`, `school_name`, `region_id`, `province_id`, `city_id`, `created_at`, `updated_at`) VALUES (19, 'LLC', 12, 12, 12, '2022-02-02 00:33:30', '1986-12-20 04:43:43');
INSERT INTO `schools` (`id`, `school_name`, `region_id`, `province_id`, `city_id`, `created_at`, `updated_at`) VALUES (20, 'LLC', 6, 6, 6, '1996-01-12 09:07:01', '1976-05-29 22:40:16');
INSERT INTO `schools` (`id`, `school_name`, `region_id`, `province_id`, `city_id`, `created_at`, `updated_at`) VALUES (21, 'PLC', 15, 15, 15, '1975-10-05 23:44:29', '1996-12-14 00:36:20');
INSERT INTO `schools` (`id`, `school_name`, `region_id`, `province_id`, `city_id`, `created_at`, `updated_at`) VALUES (22, 'Group', 17, 17, 17, '1981-06-03 09:35:45', '2020-07-26 04:03:23');
INSERT INTO `schools` (`id`, `school_name`, `region_id`, `province_id`, `city_id`, `created_at`, `updated_at`) VALUES (23, 'LLC', 7, 4, 24, '1977-06-13 05:23:54', '1975-12-17 10:14:14');
INSERT INTO `schools` (`id`, `school_name`, `region_id`, `province_id`, `city_id`, `created_at`, `updated_at`) VALUES (24, 'Ltd', 16, 16, 16, '2005-07-14 07:13:05', '2018-12-12 02:03:47');
INSERT INTO `schools` (`id`, `school_name`, `region_id`, `province_id`, `city_id`, `created_at`, `updated_at`) VALUES (25, 'and Sons', 3, 3, 3, '2011-05-21 11:52:22', '2000-12-01 04:16:24');
INSERT INTO `schools` (`id`, `school_name`, `region_id`, `province_id`, `city_id`, `created_at`, `updated_at`) VALUES (26, 'LLC', 9, 6, 26, '2013-04-28 22:36:26', '2013-07-03 12:30:42');
INSERT INTO `schools` (`id`, `school_name`, `region_id`, `province_id`, `city_id`, `created_at`, `updated_at`) VALUES (27, 'LLC', 12, 9, 29, '2017-11-04 23:41:15', '1992-04-13 03:41:07');
INSERT INTO `schools` (`id`, `school_name`, `region_id`, `province_id`, `city_id`, `created_at`, `updated_at`) VALUES (28, 'LLC', 11, 11, 11, '1976-03-10 20:16:29', '2005-01-16 13:04:29');
INSERT INTO `schools` (`id`, `school_name`, `region_id`, `province_id`, `city_id`, `created_at`, `updated_at`) VALUES (29, 'PLC', 16, 13, 33, '1993-09-12 09:30:58', '1998-09-12 15:28:13');
INSERT INTO `schools` (`id`, `school_name`, `region_id`, `province_id`, `city_id`, `created_at`, `updated_at`) VALUES (30, 'Inc', 1, 18, 18, '1993-10-03 07:38:58', '1980-07-26 04:20:23');
INSERT INTO `schools` (`id`, `school_name`, `region_id`, `province_id`, `city_id`, `created_at`, `updated_at`) VALUES (31, 'Inc', 15, 12, 32, '1980-07-06 14:41:14', '1976-04-03 04:34:47');
INSERT INTO `schools` (`id`, `school_name`, `region_id`, `province_id`, `city_id`, `created_at`, `updated_at`) VALUES (32, 'Inc', 4, 1, 21, '2006-10-04 08:07:42', '1970-06-27 13:38:56');
INSERT INTO `schools` (`id`, `school_name`, `region_id`, `province_id`, `city_id`, `created_at`, `updated_at`) VALUES (33, 'Group', 14, 11, 31, '1993-08-06 16:06:22', '1996-04-12 00:18:21');
INSERT INTO `schools` (`id`, `school_name`, `region_id`, `province_id`, `city_id`, `created_at`, `updated_at`) VALUES (34, 'Inc', 9, 9, 9, '2020-06-26 06:27:32', '1979-11-14 09:40:18');
INSERT INTO `schools` (`id`, `school_name`, `region_id`, `province_id`, `city_id`, `created_at`, `updated_at`) VALUES (35, 'LLC', 2, 2, 2, '1985-03-18 14:39:53', '1974-08-14 19:20:19');

-- INSERT INTO `student_profiles` (`id`, `user_id`, `avatar`, `created_at`, `updated_at`) VALUES (1, 6, '/adf50f2999a723543d498d7a4d56c0a3.jpg', '1970-12-10 00:06:59', '1981-06-05 22:16:05');
-- INSERT INTO `student_profiles` (`id`, `user_id`, `avatar`, `created_at`, `updated_at`) VALUES (2, 23, '/546f2bf0c7cc5af4eb7e9dd516fa0380.jpg', '1977-06-15 07:14:38', '1977-02-08 12:55:41');
-- INSERT INTO `student_profiles` (`id`, `user_id`, `avatar`, `created_at`, `updated_at`) VALUES (3, 33, '/b30c9a2d13705f93a666b3585d96ab4b.jpg', '2013-04-09 20:27:56', '2008-03-15 10:35:10');
-- INSERT INTO `student_profiles` (`id`, `user_id`, `avatar`, `created_at`, `updated_at`) VALUES (4, 17, '/f9b58a7b004b78e0cf5f9308805a6c9f.jpg', '2000-05-10 07:22:15', '1970-10-03 01:07:50');
-- INSERT INTO `student_profiles` (`id`, `user_id`, `avatar`, `created_at`, `updated_at`) VALUES (5, 26, '/576c752a585d18c6cdde80569fdb98bf.jpg', '1972-06-24 22:04:52', '1976-09-29 20:15:33');
-- INSERT INTO `student_profiles` (`id`, `user_id`, `avatar`, `created_at`, `updated_at`) VALUES (6, 11, '/0ffc291dbecbc354cf047cb6fed8db14.jpg', '2004-11-14 10:35:00', '2001-04-07 00:02:22');
-- INSERT INTO `student_profiles` (`id`, `user_id`, `avatar`, `created_at`, `updated_at`) VALUES (7, 10, '/7c040bb07614daf93023e97049c89d8b.jpg', '2022-06-10 01:19:28', '2011-10-08 10:58:51');
-- INSERT INTO `student_profiles` (`id`, `user_id`, `avatar`, `created_at`, `updated_at`) VALUES (8, 4, '/77aa488c6a6a3d9a3c3cbe70797b7499.jpg', '1993-04-17 20:09:09', '1991-04-18 13:39:33');
-- INSERT INTO `student_profiles` (`id`, `user_id`, `avatar`, `created_at`, `updated_at`) VALUES (9, 15, '/03a514c7ed27875ed2afcb76c0aadd6c.jpg', '1989-02-18 19:08:02', '1994-07-20 18:52:35');
-- INSERT INTO `student_profiles` (`id`, `user_id`, `avatar`, `created_at`, `updated_at`) VALUES (10, 3, '/80570c68f5908a87f8470db97e6a1376.jpg', '2011-11-27 18:01:43', '1998-06-30 11:24:10');
-- INSERT INTO `student_profiles` (`id`, `user_id`, `avatar`, `created_at`, `updated_at`) VALUES (11, 16, '/ba259a4c8b65b13ea072efb8325d958d.jpg', '2023-01-22 00:20:49', '1980-04-20 14:23:27');
-- INSERT INTO `student_profiles` (`id`, `user_id`, `avatar`, `created_at`, `updated_at`) VALUES (12, 37, '/80d27e6248d7ea453eee2c7dc3738c8f.jpg', '2005-05-19 13:57:13', '1975-07-26 09:03:34');
-- INSERT INTO `student_profiles` (`id`, `user_id`, `avatar`, `created_at`, `updated_at`) VALUES (13, 8, '/8d8e9c6ce99874eb588f4b470494cbe0.jpg', '1978-06-15 08:09:00', '2006-09-24 01:41:33');
-- INSERT INTO `student_profiles` (`id`, `user_id`, `avatar`, `created_at`, `updated_at`) VALUES (14, 12, '/a57f0a8e95b12c61b472ab4a74835286.jpg', '2009-11-03 19:53:23', '2008-06-19 03:34:09');
-- INSERT INTO `student_profiles` (`id`, `user_id`, `avatar`, `created_at`, `updated_at`) VALUES (15, 24, '/f877cb25c9010f8e7e6a7d98f9a3b52a.jpg', '2001-12-07 07:38:49', '1977-04-20 00:45:48');
-- INSERT INTO `student_profiles` (`id`, `user_id`, `avatar`, `created_at`, `updated_at`) VALUES (16, 31, '/8ebfe3435e39a5669ef5111bdb521c07.jpg', '2017-03-29 03:43:49', '2017-09-04 18:21:55');
-- INSERT INTO `student_profiles` (`id`, `user_id`, `avatar`, `created_at`, `updated_at`) VALUES (17, 28, '/f0a05b1463a950df4ec9f32ccb5eaf3d.jpg', '1991-08-08 16:29:32', '1999-09-20 13:09:08');
-- INSERT INTO `student_profiles` (`id`, `user_id`, `avatar`, `created_at`, `updated_at`) VALUES (18, 32, '/b6c1503a506b723d02cea3d17b6ecf5f.jpg', '1973-07-15 08:50:55', '2005-02-03 05:51:21');
-- INSERT INTO `student_profiles` (`id`, `user_id`, `avatar`, `created_at`, `updated_at`) VALUES (19, 21, '/6165bd29b697f86f276e75e79abe9ac3.jpg', '2012-10-24 19:45:55', '1990-08-28 03:13:31');
-- INSERT INTO `student_profiles` (`id`, `user_id`, `avatar`, `created_at`, `updated_at`) VALUES (20, 27, '/06e302be255c11c196d3e3b92a7b2a1b.jpg', '2009-02-24 20:37:26', '2023-06-18 17:41:51');
-- INSERT INTO `student_profiles` (`id`, `user_id`, `avatar`, `created_at`, `updated_at`) VALUES (21, 36, '/a0696ba701cc73fddbda640b2cf89059.jpg', '1998-09-21 13:06:06', '2023-08-05 19:56:52');
-- INSERT INTO `student_profiles` (`id`, `user_id`, `avatar`, `created_at`, `updated_at`) VALUES (22, 9, '/af23bb51d08be040aae0bed2677c8484.jpg', '2008-05-17 23:56:14', '1970-02-22 13:51:09');
-- INSERT INTO `student_profiles` (`id`, `user_id`, `avatar`, `created_at`, `updated_at`) VALUES (23, 22, '/60b6e706b23b3bcdd38623de2da1eafc.jpg', '1999-01-07 02:26:07', '1977-05-01 23:53:57');
-- INSERT INTO `student_profiles` (`id`, `user_id`, `avatar`, `created_at`, `updated_at`) VALUES (24, 34, '/f89d82be4a323c5ef51f240b9aa45998.jpg', '2013-05-07 05:53:48', '2004-04-26 09:01:07');
-- INSERT INTO `student_profiles` (`id`, `user_id`, `avatar`, `created_at`, `updated_at`) VALUES (25, 38, '/953bda2e6a3b0f9c1f011446d28bb979.jpg', '1991-03-20 03:16:16', '2021-03-13 06:37:28');
-- INSERT INTO `student_profiles` (`id`, `user_id`, `avatar`, `created_at`, `updated_at`) VALUES (26, 14, '/60ce741cbefb93a53aa81f901e170638.jpg', '1998-11-20 08:47:00', '2018-05-09 11:12:55');
-- INSERT INTO `student_profiles` (`id`, `user_id`, `avatar`, `created_at`, `updated_at`) VALUES (27, 2, '/2a6039ca22394e1d15fa7b2332547a0e.jpg', '1978-01-22 06:56:59', '1978-10-25 22:31:29');
-- INSERT INTO `student_profiles` (`id`, `user_id`, `avatar`, `created_at`, `updated_at`) VALUES (28, 1, '/23e1957a9c396836a7e6645fbb70ebcf.jpg', '2009-04-01 18:14:05', '2004-07-25 15:56:24');
-- INSERT INTO `student_profiles` (`id`, `user_id`, `avatar`, `created_at`, `updated_at`) VALUES (29, 25, '/2785b11f86ace70f2ebf0476c2b83541.jpg', '2004-09-08 19:52:44', '2011-09-13 13:20:43');
-- INSERT INTO `student_profiles` (`id`, `user_id`, `avatar`, `created_at`, `updated_at`) VALUES (30, 29, '/b41c2071c7b555a8c7a277f0eecf1912.jpg', '2016-07-23 09:01:47', '1986-02-21 02:52:35');
-- INSERT INTO `student_profiles` (`id`, `user_id`, `avatar`, `created_at`, `updated_at`) VALUES (31, 42, '/668ed38f27f7771ab1756e40b0e8e046.jpg', '2009-03-04 20:11:31', '2021-12-22 07:58:30');
-- INSERT INTO `student_profiles` (`id`, `user_id`, `avatar`, `created_at`, `updated_at`) VALUES (32, 43, '/c2f7eab8273bda8660d7afefab234460.jpg', '2013-01-12 08:49:51', '1970-07-25 01:43:21');
-- INSERT INTO `student_profiles` (`id`, `user_id`, `avatar`, `created_at`, `updated_at`) VALUES (33, 30, '/ca39f126b0adbfc5c688bbe2c3bdbcbc.jpg', '1996-05-26 00:35:49', '2008-11-13 18:42:00');
-- INSERT INTO `student_profiles` (`id`, `user_id`, `avatar`, `created_at`, `updated_at`) VALUES (34, 5, '/5729926cd4a0f830ccd7bcc94394ce53.jpg', '1973-01-31 22:38:22', '2019-09-24 05:23:00');
-- INSERT INTO `student_profiles` (`id`, `user_id`, `avatar`, `created_at`, `updated_at`) VALUES (35, 39, '/8972a99498c1b86e9f2b58334ed4af11.jpg', '1981-07-29 18:30:48', '1975-09-16 19:42:03');
-- INSERT INTO `student_profiles` (`id`, `user_id`, `avatar`, `created_at`, `updated_at`) VALUES (36, 7, '/b4a07fd398c10b0b6f290578e7b8e60f.jpg', '1997-05-10 00:22:30', '2009-08-10 11:31:53');
-- INSERT INTO `student_profiles` (`id`, `user_id`, `avatar`, `created_at`, `updated_at`) VALUES (37, 13, '/b608fb2ce0c552e156855c6f1705af62.jpg', '2002-04-03 21:02:24', '2005-09-02 10:21:52');
-- INSERT INTO `student_profiles` (`id`, `user_id`, `avatar`, `created_at`, `updated_at`) VALUES (38, 18, '/6a5326b33f79dad9cb09abd79aa572ba.jpg', '1982-01-15 15:37:57', '2005-03-17 11:36:10');
-- INSERT INTO `student_profiles` (`id`, `user_id`, `avatar`, `created_at`, `updated_at`) VALUES (39, 41, '/2a57dd177081142981dec40030629515.jpg', '2013-07-17 23:03:03', '1980-03-19 02:03:19');
-- INSERT INTO `student_profiles` (`id`, `user_id`, `avatar`, `created_at`, `updated_at`) VALUES (40, 40, '/b8172d4cfec43b52f8929c9f0cc39288.jpg', '1970-11-21 18:47:37', '2010-09-03 14:25:46');
-- INSERT INTO `student_profiles` (`id`, `user_id`, `avatar`, `created_at`, `updated_at`) VALUES (41, 19, '/b7190498213c8e841a11431e3b676542.jpg', '2009-06-17 01:27:44', '1990-12-12 11:26:38');
-- INSERT INTO `student_profiles` (`id`, `user_id`, `avatar`, `created_at`, `updated_at`) VALUES (42, 35, '/71fa0a9616fbe75c7a7a459620a15d73.jpg', '1972-04-25 14:08:50', '2009-05-14 17:30:02');
-- INSERT INTO `student_profiles` (`id`, `user_id`, `avatar`, `created_at`, `updated_at`) VALUES (43, 20, '/ba4a17ea1e3982a902de5e07e7496fa5.jpg', '1970-02-18 14:34:10', '1974-08-11 19:23:07');

-- INSERT INTO `user_scholarships` (`id`, `scholarship_id`, `user_id`, `application_status`, `created_at`, `updated_at`) VALUES (1, 8, 8, 4, '1977-02-05 20:32:02', '2005-03-13 21:30:39');
-- INSERT INTO `user_scholarships` (`id`, `scholarship_id`, `user_id`, `application_status`, `created_at`, `updated_at`) VALUES (2, 11, 11, 1, '2011-07-30 13:24:32', '2007-05-15 14:39:09');
-- INSERT INTO `user_scholarships` (`id`, `scholarship_id`, `user_id`, `application_status`, `created_at`, `updated_at`) VALUES (3, 12, 12, 4, '2005-06-01 13:33:45', '1988-03-03 06:31:04');
-- INSERT INTO `user_scholarships` (`id`, `scholarship_id`, `user_id`, `application_status`, `created_at`, `updated_at`) VALUES (4, 10, 10, 2, '2015-08-10 22:32:42', '2013-09-14 18:03:20');
-- INSERT INTO `user_scholarships` (`id`, `scholarship_id`, `user_id`, `application_status`, `created_at`, `updated_at`) VALUES (5, 24, 23, 4, '1992-02-15 05:09:49', '2019-07-25 22:08:04');
-- INSERT INTO `user_scholarships` (`id`, `scholarship_id`, `user_id`, `application_status`, `created_at`, `updated_at`) VALUES (6, 21, 20, 4, '1995-11-24 03:35:25', '1984-11-23 23:58:42');
-- INSERT INTO `user_scholarships` (`id`, `scholarship_id`, `user_id`, `application_status`, `created_at`, `updated_at`) VALUES (7, 2, 31, 2, '1990-05-12 10:08:41', '2003-04-26 19:07:34');
-- INSERT INTO `user_scholarships` (`id`, `scholarship_id`, `user_id`, `application_status`, `created_at`, `updated_at`) VALUES (8, 3, 32, 3, '2002-02-19 08:54:39', '1985-01-11 06:35:40');
-- INSERT INTO `user_scholarships` (`id`, `scholarship_id`, `user_id`, `application_status`, `created_at`, `updated_at`) VALUES (9, 18, 18, 3, '1988-10-11 20:04:24', '1988-02-27 22:19:03');
-- INSERT INTO `user_scholarships` (`id`, `scholarship_id`, `user_id`, `application_status`, `created_at`, `updated_at`) VALUES (10, 17, 17, 2, '1983-03-21 03:31:12', '1982-08-16 14:01:41');
-- INSERT INTO `user_scholarships` (`id`, `scholarship_id`, `user_id`, `application_status`, `created_at`, `updated_at`) VALUES (11, 5, 5, 4, '1970-11-13 00:20:54', '1976-12-07 08:47:29');
-- INSERT INTO `user_scholarships` (`id`, `scholarship_id`, `user_id`, `application_status`, `created_at`, `updated_at`) VALUES (12, 9, 9, 4, '2004-07-23 13:06:50', '1973-12-27 18:45:16');
-- INSERT INTO `user_scholarships` (`id`, `scholarship_id`, `user_id`, `application_status`, `created_at`, `updated_at`) VALUES (13, 2, 2, 4, '1992-07-03 20:56:12', '2003-10-24 01:22:21');
-- INSERT INTO `user_scholarships` (`id`, `scholarship_id`, `user_id`, `application_status`, `created_at`, `updated_at`) VALUES (14, 27, 26, 1, '2014-10-25 11:59:39', '1981-09-24 11:41:36');
-- INSERT INTO `user_scholarships` (`id`, `scholarship_id`, `user_id`, `application_status`, `created_at`, `updated_at`) VALUES (15, 1, 30, 1, '2020-10-19 09:14:12', '1970-12-22 13:20:30');
-- INSERT INTO `user_scholarships` (`id`, `scholarship_id`, `user_id`, `application_status`, `created_at`, `updated_at`) VALUES (16, 19, 19, 2, '1983-03-09 21:18:40', '2016-01-19 05:17:54');
-- INSERT INTO `user_scholarships` (`id`, `scholarship_id`, `user_id`, `application_status`, `created_at`, `updated_at`) VALUES (17, 13, 13, 4, '1988-07-26 03:57:06', '2014-02-19 05:13:36');
-- INSERT INTO `user_scholarships` (`id`, `scholarship_id`, `user_id`, `application_status`, `created_at`, `updated_at`) VALUES (18, 28, 27, 4, '1983-03-23 19:43:02', '1978-07-21 09:42:12');
-- INSERT INTO `user_scholarships` (`id`, `scholarship_id`, `user_id`, `application_status`, `created_at`, `updated_at`) VALUES (19, 3, 3, 4, '1993-03-16 05:03:23', '1971-03-30 18:46:26');
-- INSERT INTO `user_scholarships` (`id`, `scholarship_id`, `user_id`, `application_status`, `created_at`, `updated_at`) VALUES (20, 30, 29, 2, '1984-11-15 22:11:48', '1988-07-19 22:01:14');
-- INSERT INTO `user_scholarships` (`id`, `scholarship_id`, `user_id`, `application_status`, `created_at`, `updated_at`) VALUES (21, 15, 15, 1, '1996-07-22 12:55:12', '1991-09-15 16:30:29');
-- INSERT INTO `user_scholarships` (`id`, `scholarship_id`, `user_id`, `application_status`, `created_at`, `updated_at`) VALUES (22, 23, 22, 2, '2001-06-13 22:46:20', '1985-09-29 02:55:08');
-- INSERT INTO `user_scholarships` (`id`, `scholarship_id`, `user_id`, `application_status`, `created_at`, `updated_at`) VALUES (23, 22, 21, 4, '2007-05-15 16:37:44', '2020-08-07 18:09:47');
-- INSERT INTO `user_scholarships` (`id`, `scholarship_id`, `user_id`, `application_status`, `created_at`, `updated_at`) VALUES (24, 4, 4, 4, '1995-04-29 16:42:35', '2019-09-21 23:25:18');
-- INSERT INTO `user_scholarships` (`id`, `scholarship_id`, `user_id`, `application_status`, `created_at`, `updated_at`) VALUES (25, 26, 25, 4, '1978-01-20 21:56:23', '2008-01-08 23:04:32');
-- INSERT INTO `user_scholarships` (`id`, `scholarship_id`, `user_id`, `application_status`, `created_at`, `updated_at`) VALUES (26, 6, 6, 4, '1972-01-10 21:11:40', '1977-10-06 01:16:00');
-- INSERT INTO `user_scholarships` (`id`, `scholarship_id`, `user_id`, `application_status`, `created_at`, `updated_at`) VALUES (27, 7, 7, 2, '1985-02-28 22:58:33', '2016-11-07 13:29:11');
-- INSERT INTO `user_scholarships` (`id`, `scholarship_id`, `user_id`, `application_status`, `created_at`, `updated_at`) VALUES (28, 14, 14, 2, '2020-05-20 23:25:36', '2003-05-20 19:22:39');
-- INSERT INTO `user_scholarships` (`id`, `scholarship_id`, `user_id`, `application_status`, `created_at`, `updated_at`) VALUES (29, 1, 1, 4, '1993-09-25 07:16:07', '1975-05-08 10:42:20');
-- INSERT INTO `user_scholarships` (`id`, `scholarship_id`, `user_id`, `application_status`, `created_at`, `updated_at`) VALUES (30, 29, 28, 1, '1978-06-27 13:44:13', '2010-05-13 09:08:15');
-- INSERT INTO `user_scholarships` (`id`, `scholarship_id`, `user_id`, `application_status`, `created_at`, `updated_at`) VALUES (31, 25, 24, 1, '1970-12-29 08:25:37', '2001-08-14 20:40:22');
-- INSERT INTO `user_scholarships` (`id`, `scholarship_id`, `user_id`, `application_status`, `created_at`, `updated_at`) VALUES (32, 16, 16, 4, '2000-07-25 14:56:55', '2022-02-16 00:45:03');

-- INSERT INTO `course_scholarship_schools` (`id`, `scholarship_id`, `course_id`, `school_id`, `created_at`, `updated_at`) VALUES (1, 13, 13, 13, '2000-07-23 16:20:00', '2000-01-24 05:57:55');
-- INSERT INTO `course_scholarship_schools` (`id`, `scholarship_id`, `course_id`, `school_id`, `created_at`, `updated_at`) VALUES (2, 4, 4, 4, '1989-09-08 06:01:18', '1985-04-29 22:00:38');
-- INSERT INTO `course_scholarship_schools` (`id`, `scholarship_id`, `course_id`, `school_id`, `created_at`, `updated_at`) VALUES (3, 3, 3, 3, '1982-04-18 06:54:08', '2023-09-18 17:10:36');
-- INSERT INTO `course_scholarship_schools` (`id`, `scholarship_id`, `course_id`, `school_id`, `created_at`, `updated_at`) VALUES (4, 6, 35, 35, '2022-08-27 20:37:18', '1970-01-08 00:25:36');
-- INSERT INTO `course_scholarship_schools` (`id`, `scholarship_id`, `course_id`, `school_id`, `created_at`, `updated_at`) VALUES (5, 25, 24, 24, '2017-01-14 15:36:08', '2012-05-06 15:54:34');
-- INSERT INTO `course_scholarship_schools` (`id`, `scholarship_id`, `course_id`, `school_id`, `created_at`, `updated_at`) VALUES (6, 27, 26, 26, '1996-10-29 09:53:42', '1979-02-16 18:49:19');
-- INSERT INTO `course_scholarship_schools` (`id`, `scholarship_id`, `course_id`, `school_id`, `created_at`, `updated_at`) VALUES (7, 2, 2, 2, '2010-09-06 17:57:11', '1992-08-02 23:32:34');
-- INSERT INTO `course_scholarship_schools` (`id`, `scholarship_id`, `course_id`, `school_id`, `created_at`, `updated_at`) VALUES (8, 6, 6, 6, '1996-05-06 17:02:26', '1985-01-06 03:14:43');
-- INSERT INTO `course_scholarship_schools` (`id`, `scholarship_id`, `course_id`, `school_id`, `created_at`, `updated_at`) VALUES (9, 23, 22, 22, '2014-04-13 19:17:17', '2017-11-25 18:16:15');
-- INSERT INTO `course_scholarship_schools` (`id`, `scholarship_id`, `course_id`, `school_id`, `created_at`, `updated_at`) VALUES (10, 15, 15, 15, '2006-08-22 08:29:53', '1978-03-31 13:50:24');
-- INSERT INTO `course_scholarship_schools` (`id`, `scholarship_id`, `course_id`, `school_id`, `created_at`, `updated_at`) VALUES (11, 28, 27, 27, '1982-07-23 02:20:32', '2004-04-07 14:50:38');
-- INSERT INTO `course_scholarship_schools` (`id`, `scholarship_id`, `course_id`, `school_id`, `created_at`, `updated_at`) VALUES (12, 26, 25, 25, '1999-02-20 16:34:43', '2014-06-25 11:47:33');
-- INSERT INTO `course_scholarship_schools` (`id`, `scholarship_id`, `course_id`, `school_id`, `created_at`, `updated_at`) VALUES (13, 24, 23, 23, '2021-11-14 09:05:59', '2020-11-18 08:16:06');
-- INSERT INTO `course_scholarship_schools` (`id`, `scholarship_id`, `course_id`, `school_id`, `created_at`, `updated_at`) VALUES (14, 2, 31, 31, '1991-08-03 09:46:00', '1977-10-03 04:47:56');
-- INSERT INTO `course_scholarship_schools` (`id`, `scholarship_id`, `course_id`, `school_id`, `created_at`, `updated_at`) VALUES (15, 5, 5, 5, '2002-02-06 17:38:19', '1970-02-04 01:12:04');
-- INSERT INTO `course_scholarship_schools` (`id`, `scholarship_id`, `course_id`, `school_id`, `created_at`, `updated_at`) VALUES (16, 10, 10, 10, '2005-11-29 09:17:39', '1979-08-06 15:03:55');
-- INSERT INTO `course_scholarship_schools` (`id`, `scholarship_id`, `course_id`, `school_id`, `created_at`, `updated_at`) VALUES (17, 9, 9, 9, '2012-09-16 15:15:51', '2022-06-17 13:12:55');
-- INSERT INTO `course_scholarship_schools` (`id`, `scholarship_id`, `course_id`, `school_id`, `created_at`, `updated_at`) VALUES (18, 3, 32, 32, '2002-08-05 13:39:18', '1999-10-11 19:09:53');
-- INSERT INTO `course_scholarship_schools` (`id`, `scholarship_id`, `course_id`, `school_id`, `created_at`, `updated_at`) VALUES (19, 5, 34, 34, '2017-08-17 01:48:17', '1984-07-17 02:38:14');
-- INSERT INTO `course_scholarship_schools` (`id`, `scholarship_id`, `course_id`, `school_id`, `created_at`, `updated_at`) VALUES (20, 1, 1, 1, '2011-01-07 05:29:05', '1982-04-09 19:10:45');
-- INSERT INTO `course_scholarship_schools` (`id`, `scholarship_id`, `course_id`, `school_id`, `created_at`, `updated_at`) VALUES (21, 29, 28, 28, '1990-03-10 03:25:17', '2008-08-25 14:33:31');
-- INSERT INTO `course_scholarship_schools` (`id`, `scholarship_id`, `course_id`, `school_id`, `created_at`, `updated_at`) VALUES (22, 11, 11, 11, '2020-07-24 15:58:15', '1980-05-09 08:28:26');
-- INSERT INTO `course_scholarship_schools` (`id`, `scholarship_id`, `course_id`, `school_id`, `created_at`, `updated_at`) VALUES (23, 7, 7, 7, '2003-03-29 18:06:46', '2022-05-06 07:16:31');
-- INSERT INTO `course_scholarship_schools` (`id`, `scholarship_id`, `course_id`, `school_id`, `created_at`, `updated_at`) VALUES (24, 18, 18, 18, '2001-08-04 23:31:19', '2014-02-27 06:55:08');
-- INSERT INTO `course_scholarship_schools` (`id`, `scholarship_id`, `course_id`, `school_id`, `created_at`, `updated_at`) VALUES (25, 19, 19, 19, '2001-08-07 10:28:30', '2008-10-09 13:27:47');
-- INSERT INTO `course_scholarship_schools` (`id`, `scholarship_id`, `course_id`, `school_id`, `created_at`, `updated_at`) VALUES (26, 16, 16, 16, '2019-05-08 05:05:27', '2004-03-24 07:36:40');
-- INSERT INTO `course_scholarship_schools` (`id`, `scholarship_id`, `course_id`, `school_id`, `created_at`, `updated_at`) VALUES (27, 12, 12, 12, '1983-08-18 01:41:04', '2018-09-16 02:28:59');
-- INSERT INTO `course_scholarship_schools` (`id`, `scholarship_id`, `course_id`, `school_id`, `created_at`, `updated_at`) VALUES (28, 14, 14, 14, '1986-07-26 12:30:55', '2007-07-10 18:30:22');
-- INSERT INTO `course_scholarship_schools` (`id`, `scholarship_id`, `course_id`, `school_id`, `created_at`, `updated_at`) VALUES (29, 21, 20, 20, '1981-11-11 15:07:38', '1971-01-26 20:35:53');
-- INSERT INTO `course_scholarship_schools` (`id`, `scholarship_id`, `course_id`, `school_id`, `created_at`, `updated_at`) VALUES (30, 17, 17, 17, '1997-12-21 15:01:24', '1995-03-26 04:48:09');
-- INSERT INTO `course_scholarship_schools` (`id`, `scholarship_id`, `course_id`, `school_id`, `created_at`, `updated_at`) VALUES (31, 22, 21, 21, '1977-10-05 00:00:22', '1975-05-28 05:57:14');
-- INSERT INTO `course_scholarship_schools` (`id`, `scholarship_id`, `course_id`, `school_id`, `created_at`, `updated_at`) VALUES (32, 4, 33, 33, '1980-09-28 18:47:45', '2005-09-27 06:30:13');
-- INSERT INTO `course_scholarship_schools` (`id`, `scholarship_id`, `course_id`, `school_id`, `created_at`, `updated_at`) VALUES (33, 1, 30, 30, '2013-03-18 07:04:22', '1986-12-28 02:11:48');
-- INSERT INTO `course_scholarship_schools` (`id`, `scholarship_id`, `course_id`, `school_id`, `created_at`, `updated_at`) VALUES (34, 30, 29, 29, '1985-06-17 18:41:35', '1982-07-09 19:29:11');
-- INSERT INTO `course_scholarship_schools` (`id`, `scholarship_id`, `course_id`, `school_id`, `created_at`, `updated_at`) VALUES (35, 8, 8, 8, '2014-11-19 19:37:46', '1990-11-06 08:09:51');